Principio Attivo,Descrizione Gruppo,Denominazione e Confezione,Titolare AIC,AIC,Codice Gruppo Equivalenza,codiceSis,URL
Trientina,TRIENTINA 150MG 72 UNITA' USO ORALE,CUPRIOR*72 cpr riv 150 mg,ORPHALAN SA,045679014,KRT,4659,https://api.aifa.gov.it/aifa-bdf-eif-be/1.0.0/organizzazione/4659/farmaci/45679/stampati?ts=RCP
Trientina,TRIENTINA 200MG 100 UNITA' USO ORALE,CUFENCE*100 cps 200 mg,UNIVAR SOLUTION BV,048105011,MAY,5145,https://api.aifa.gov.it/aifa-bdf-eif-be/1.0.0/organizzazione/5145/farmaci/48105/stampati?ts=RCP
Trientina,TRIENTINA 200MG 100 UNITA' USO ORALE,TRIENTINA*100 cps 200 mg flacone,WAYMADE B.V.,050501016,MAY,5025,https://api.aifa.gov.it/aifa-bdf-eif-be/1.0.0/organizzazione/5025/farmaci/50501/stampati?ts=RCP
Triesifenidile,TRIESIFENIDILE 2MG 50 UNITA' USO ORALE,ARTANE*50 cpr 2 mg,TEOFARMA Srl,003488057,T1A,7046,https://api.aifa.gov.it/aifa-bdf-eif-be/1.0.0/organizzazione/7046/farmaci/03488/stampati?ts=RCP
Trifluoperazina,TRIFLUOPERAZINA 1MG 30 UNITA' USO ORALE,MODALINA*30 cpr riv 1 mg,SIT LABORATORIO FARMAC. Srl,019184050,T2A,143,https://api.aifa.gov.it/aifa-bdf-eif-be/1.0.0/organizzazione/143/farmaci/19184/stampati?ts=RCP
Trifluoperazina,TRIFLUOPERAZINA 2MG 30 UNITA' USO ORALE,MODALINA*30 cpr riv 2 mg,SIT LABORATORIO FARMAC. Srl,019184062,T2B,143,https://api.aifa.gov.it/aifa-bdf-eif-be/1.0.0/organizzazione/143/farmaci/19184/stampati?ts=RCP
Trifluridina/Tipiracil,"TRIFLURIDINA+TIPIRACIL 15MG+6,14MG 20 UNITA' USO ORALE","LONSURF*20 cpr riv 15 mg + 6,14 mg",LES LABORATOIRES SERVIER,044856019,JJY,49,https://api.aifa.gov.it/aifa-bdf-eif-be/1.0.0/organizzazione/49/farmaci/44856/stampati?ts=RCP
Trifluridina/Tipiracil,"TRIFLURIDINA+TIPIRACIL 15MG+6,14MG 60 UNITA' USO ORALE","LONSURF*60 cpr riv 15 mg + 6,14 mg",LES LABORATOIRES SERVIER,044856033,JJZ,49,https://api.aifa.gov.it/aifa-bdf-eif-be/1.0.0/organizzazione/49/farmaci/44856/stampati?ts=RCP
Trifluridina/Tipiracil,"TRIFLURIDINA+TIPIRACIL 20MG+8,19MG 20 UNITA' USO ORALE","LONSURF*20 cpr riv 20 mg + 8,19 mg",LES LABORATOIRES SERVIER,044856045,JKB,49,https://api.aifa.gov.it/aifa-bdf-eif-be/1.0.0/organizzazione/49/farmaci/44856/stampati?ts=RCP
Trifluridina/Tipiracil,"TRIFLURIDINA+TIPIRACIL 20MG+8,19MG 60 UNITA' USO ORALE","LONSURF*60 cpr riv 20 mg + 8,19 mg",LES LABORATOIRES SERVIER,044856060,JKC,49,https://api.aifa.gov.it/aifa-bdf-eif-be/1.0.0/organizzazione/49/farmaci/44856/stampati?ts=RCP
Trimetoprim/sulfametoxazolo,TRIMETOPRIM+SULFAMETOXAZOLO 80+400MG 5 UNITA' USO PARENTERALE,BACTRIM PERFUSIONE*5 fiale EV 80 mg/5 ml + 400 mg/5 ml,EUMEDICA PHARMACEUTICALS GmbH,028313029,KRJ,5279,https://api.aifa.gov.it/aifa-bdf-eif-be/1.0.0/organizzazione/5279/farmaci/28313/stampati?ts=RCP
Trimetoprim/sulfametoxazolo,TRIMETOPRIM+SULFAMETOXAZOLO 160+800MG 16 UNITA' USO ORALE,BACTRIM*16 cpr 160 mg + 800 mg,EUMEDICA PHARMACEUTICALS GmbH,021978046,T3B,5279,https://api.aifa.gov.it/aifa-bdf-eif-be/1.0.0/organizzazione/5279/farmaci/21978/stampati?ts=RCP
Trimipramina,TRIMIPRAMINA 800MG 20ML USO ORALE,SURMONTIL*orale gtt 20 ml 40 mg/ml,NEURAXPHARM ITALY SpA,020118030,T4C,3665,https://api.aifa.gov.it/aifa-bdf-eif-be/1.0.0/organizzazione/3665/farmaci/20118/stampati?ts=RCP
Triptorelina,"TRIPTORELINA 3,75MG 1 UNITA' USO PARENTERALE","DECAPEPTYL*1 flaconcino IM 3,75 mg + 1 fiala solv 2 ml + 1 siringa",IPSEN SpA,026999021,BYA,7047,https://api.aifa.gov.it/aifa-bdf-eif-be/1.0.0/organizzazione/7047/farmaci/26999/stampati?ts=RCP
Triptorelina,"TRIPTORELINA 3,75MG 1 UNITA' USO PARENTERALE","GONAPEPTYL DEPOT*1 siringa IM SC 3,75 mg + 1 fiala solv 1 ml",FERRING SpA,035562014,BYA,7051,https://api.aifa.gov.it/aifa-bdf-eif-be/1.0.0/organizzazione/7051/farmaci/35562/stampati?ts=RCP
Triptorelina,"TRIPTORELINA 11,25MG 1 UNITA' USO PARENTERALE","DECAPEPTYL*1 flaconcino IM 11,25 mg + 1 fiala solv 2 ml + 1 siringa",IPSEN SpA,026999058,BYB,7047,https://api.aifa.gov.it/aifa-bdf-eif-be/1.0.0/organizzazione/7047/farmaci/26999/stampati?ts=RCP
Triptorelina,"TRIPTORELINA 22,5MG 1 UNITA' USO PARENTERALE","DECAPEPTYL*1 flaconcino 22,5 mg + 1 fiala solv 2 ml + 1 siringa + 2 aghi",IPSEN SpA,026999060,KOH,7047,https://api.aifa.gov.it/aifa-bdf-eif-be/1.0.0/organizzazione/7047/farmaci/26999/stampati?ts=RCP
Turoctocog Alfa,TUROCTOCOG ALFA 250UI 4ML 1 UNITA' USO PARENTERALE,NOVOEIGHT*1 flaconcino EV 250 Unita' Internazionali + 1 siringa solv 4 ml,NOVO NORDISK A/S,043153016,JAR,85,https://api.aifa.gov.it/aifa-bdf-eif-be/1.0.0/organizzazione/85/farmaci/43153/stampati?ts=RCP
Turoctocog Alfa,TUROCTOCOG ALFA 500UI 4ML 1 UNITA' USO PARENTERALE,NOVOEIGHT*1 flaconcino EV 500 Unita' Internazionali + 1 siringa solv 4 ml,NOVO NORDISK A/S,043153028,JAS,85,https://api.aifa.gov.it/aifa-bdf-eif-be/1.0.0/organizzazione/85/farmaci/43153/stampati?ts=RCP
Turoctocog Alfa,TUROCTOCOG ALFA 1.000UI 4ML 1 UNITA' USO PARENTERALE,NOVOEIGHT*1 flaconcino EV 1.000 Unita' Internazionali + 1 siringa solv 4 ml,NOVO NORDISK A/S,043153030,JAT,85,https://api.aifa.gov.it/aifa-bdf-eif-be/1.0.0/organizzazione/85/farmaci/43153/stampati?ts=RCP
Turoctocog Alfa,TUROCTOCOG ALFA 1.500UI 4ML 1 UNITA' USO PARENTERALE,NOVOEIGHT*1 flaconcino EV 1.500 Unita' Internazionali + 1 siringa solv 4 ml,NOVO NORDISK A/S,043153042,JAU,85,https://api.aifa.gov.it/aifa-bdf-eif-be/1.0.0/organizzazione/85/farmaci/43153/stampati?ts=RCP
Turoctocog Alfa,TUROCTOCOG ALFA 2.000UI 4ML 1 UNITA' USO PARENTERALE,NOVOEIGHT*1 flaconcino EV 2.000 Unita' Internazionali + 1 siringa solv 4 ml,NOVO NORDISK A/S,043153055,JAV,85,https://api.aifa.gov.it/aifa-bdf-eif-be/1.0.0/organizzazione/85/farmaci/43153/stampati?ts=RCP
Turoctocog Alfa,TUROCTOCOG ALFA 3.000UI 4ML 1 UNITA' USO PARENTERALE,NOVOEIGHT*1 flaconcino EV 3.000 Unita' Internazionali + 1 siringa solv 4 ml,NOVO NORDISK A/S,043153067,JAW,85,https://api.aifa.gov.it/aifa-bdf-eif-be/1.0.0/organizzazione/85/farmaci/43153/stampati?ts=RCP
Turoctocog Alfa Pegilato,TUROCTOCOG ALFA PEGILATO 1.000UI 4ML 1 UNITA' USO PARENTERALE,ESPEROCT*1 flaconcino EV 1.000 Unita' Internazionali + 1 siringa preriemp 4 ml,NOVO NORDISK A/S,048083024,LCB,85,https://api.aifa.gov.it/aifa-bdf-eif-be/1.0.0/organizzazione/85/farmaci/48083/stampati?ts=RCP
Turoctocog Alfa Pegilato,TUROCTOCOG ALFA PEGILATO 1.500UI 4ML 1 UNITA' USO PARENTERALE,ESPEROCT*1 flaconcino EV 1.500 Unita' Internazionali + 1 siringa preriemp 4 ml,NOVO NORDISK A/S,048083036,LCC,85,https://api.aifa.gov.it/aifa-bdf-eif-be/1.0.0/organizzazione/85/farmaci/48083/stampati?ts=RCP
Turoctocog Alfa Pegilato,TUROCTOCOG ALFA PEGILATO 2.000UI 4ML 1 UNITA' USO PARENTERALE,ESPEROCT*1 flaconcino EV 2.000 Unita' Internazionali + 1 siringa preriemp 4 ml,NOVO NORDISK A/S,048083048,LCD,85,https://api.aifa.gov.it/aifa-bdf-eif-be/1.0.0/organizzazione/85/farmaci/48083/stampati?ts=RCP
Turoctocog Alfa Pegilato,TUROCTOCOG ALFA PEGILATO 3.000UI 4ML 1 UNITA' USO PARENTERALE,ESPEROCT*1 flaconcino EV 3.000 Unita' Internazionali + 1 siringa preriemp 4 ml,NOVO NORDISK A/S,048083051,LCE,85,https://api.aifa.gov.it/aifa-bdf-eif-be/1.0.0/organizzazione/85/farmaci/48083/stampati?ts=RCP
Turoctocog Alfa Pegilato,TUROCTOCOG ALFA PEGILATO 500UI 4ML 1 UNITA' USO PARENTERALE,ESPEROCT*1 flaconcino EV 500 Unita' Internazionali + 1 siringa preriemp 4 ml,NOVO NORDISK A/S,048083012,LCF,85,https://api.aifa.gov.it/aifa-bdf-eif-be/1.0.0/organizzazione/85/farmaci/48083/stampati?ts=RCP
Ulipristal,ULIPRISTAL 5MG 28 UNITA' USO ORALE,ESMYA*28 cpr 5 mg,GEDEON RICHTER PLC,042227013,IUX,3130,https://api.aifa.gov.it/aifa-bdf-eif-be/1.0.0/organizzazione/3130/farmaci/42227/stampati?ts=RCP
Umeclidinio,UMECLIDINIO 55MCG 30 UNITA' USO RESPIRATORIO,INCRUSE ELLIPTA*polv inal 30 dosi 55 mcg,GLAXOSMITHKLINE (IRELAND) LTD,043374026,GBF,4942,https://api.aifa.gov.it/aifa-bdf-eif-be/1.0.0/organizzazione/4942/farmaci/43374/stampati?ts=RCP
Umeclidinio,UMECLIDINIO 55MCG 30 UNITA' USO RESPIRATORIO,ROLUFTA ELLIPTA*1 inalatore 30 dosi 55 mcg,GLAXOSMITHKLINE TRAD.SERV.LTD,045321027,GBF,3438,https://api.aifa.gov.it/aifa-bdf-eif-be/1.0.0/organizzazione/3438/farmaci/45321/stampati?ts=RCP
Umeclidinio/Vilanterolo,UMECLIDINIO+VILANTEROLO 55MCG+22MCG 30 UNITA' USO RESPIRATORIO,ANORO ELLIPTA*polv inal 30 dosi 55 mcg + 22 mcg,GLAXOSMITHKLINE (IRELAND) LTD,043438023,GCD,4942,https://api.aifa.gov.it/aifa-bdf-eif-be/1.0.0/organizzazione/4942/farmaci/43438/stampati?ts=RCP
Umeclidinio/Vilanterolo,UMECLIDINIO+VILANTEROLO 55MCG+22MCG 30 UNITA' USO RESPIRATORIO,LAVENTAIR ELLIPTA*polv inal 30 dosi 55 mcg + 22 mcg,GLAXOSMITHKLINE (IRELAND) LTD,043444025,GCD,4942,https://api.aifa.gov.it/aifa-bdf-eif-be/1.0.0/organizzazione/4942/farmaci/43444/stampati?ts=RCP
Urofollitropina,UROFOLLITROPINA 300UI 5 UNITA' USO PARENTERALE,FOSTIMON*5 flaconcini 300 UI/ml + 5 siringhe + 10 aghi,IBSA FARMACEUTICI ITALIA Srl,032921177,GDZ,7166,https://api.aifa.gov.it/aifa-bdf-eif-be/1.0.0/organizzazione/7166/farmaci/32921/stampati?ts=RCP
Urofollitropina,UROFOLLITROPINA 225UI 1 UNITA' USO PARENTERALE,FOSTIMON*1 flaconcino 225 UI/ml + 1 siringa + 2 aghi,IBSA FARMACEUTICI ITALIA Srl,032921138,GEF,7166,https://api.aifa.gov.it/aifa-bdf-eif-be/1.0.0/organizzazione/7166/farmaci/32921/stampati?ts=RCP
Urofollitropina,UROFOLLITROPINA 300UI 1 UNITA' USO PARENTERALE,FOSTIMON*1 flaconcino 300 UI/ml + 1 siringa + 1 ago,IBSA FARMACEUTICI ITALIA Srl,032921165,GEL,7166,https://api.aifa.gov.it/aifa-bdf-eif-be/1.0.0/organizzazione/7166/farmaci/32921/stampati?ts=RCP
Urofollitropina,UROFOLLITROPINA 150UI 5 UNITA' USO PARENTERALE,FOSTIMON*5 flaconcini 150 UI/ml + 5 siringhe,IBSA FARMACEUTICI ITALIA Srl,032921114,GEP,7166,https://api.aifa.gov.it/aifa-bdf-eif-be/1.0.0/organizzazione/7166/farmaci/32921/stampati?ts=RCP
Urofollitropina,UROFOLLITROPINA 225UI 5 UNITA' USO PARENTERALE,FOSTIMON*5 flaconcini 225 UI/ml + 5 siringhe + 10 aghi,IBSA FARMACEUTICI ITALIA Srl,032921140,GET,7166,https://api.aifa.gov.it/aifa-bdf-eif-be/1.0.0/organizzazione/7166/farmaci/32921/stampati?ts=RCP
Urofollitropina,UROFOLLITROPINA 150UI 1 UNITA' USO PARENTERALE,FOSTIMON*1 flaconcino 150 UI/ml + 1 siringa,IBSA FARMACEUTICI ITALIA Srl,032921102,GZV,7166,https://api.aifa.gov.it/aifa-bdf-eif-be/1.0.0/organizzazione/7166/farmaci/32921/stampati?ts=RCP
Urofollitropina,UROFOLLITROPINA 75UI 1 UNITA' USO PARENTERALE,FOSTIMON*1 flaconcino 75 UI + 1 fiala solv 1 ml,IBSA FARMACEUTICI ITALIA Srl,032921013,T6A,7166,https://api.aifa.gov.it/aifa-bdf-eif-be/1.0.0/organizzazione/7166/farmaci/32921/stampati?ts=RCP
Urofollitropina,UROFOLLITROPINA 75UI 10 UNITA' USO PARENTERALE,FOSTIMON*10 flaconcini 75 UI + 10 fiale solv 1 ml,IBSA FARMACEUTICI ITALIA Srl,032921049,T6B,7166,https://api.aifa.gov.it/aifa-bdf-eif-be/1.0.0/organizzazione/7166/farmaci/32921/stampati?ts=RCP
Valaciclovir,VALACICLOVIR 1.000MG 21 UNITA' USO ORALE,TALAVIR*21 cpr riv 1.000 mg,ALFASIGMA SpA,029498021,ETA,4375,https://api.aifa.gov.it/aifa-bdf-eif-be/1.0.0/organizzazione/4375/farmaci/29498/stampati?ts=RCP
Valaciclovir,VALACICLOVIR 1.000MG 21 UNITA' USO ORALE,ZELITREX*21 cpr riv 1.000 mg,GLAXOSMITHKLINE SpA,029503024,ETA,200,https://api.aifa.gov.it/aifa-bdf-eif-be/1.0.0/organizzazione/200/farmaci/29503/stampati?ts=RCP
Valaciclovir,VALACICLOVIR 1.000MG 21 UNITA' USO ORALE,VALACICLOVIR*21 cpr riv 1.000 mg,EG SpA,038817084,ETA,1561,https://api.aifa.gov.it/aifa-bdf-eif-be/1.0.0/organizzazione/1561/farmaci/38817/stampati?ts=RCP
Valaciclovir,VALACICLOVIR 1.000MG 21 UNITA' USO ORALE,VALACICLOVIR*21 cpr riv 1.000 mg,MYLAN SpA,039107180,ETA,2322,https://api.aifa.gov.it/aifa-bdf-eif-be/1.0.0/organizzazione/2322/farmaci/39107/stampati?ts=RCP
Valaciclovir,VALACICLOVIR 1.000MG 21 UNITA' USO ORALE,VALACICLOVIR*21 cpr riv 1.000 mg,SANDOZ SpA,039149125,ETA,1392,https://api.aifa.gov.it/aifa-bdf-eif-be/1.0.0/organizzazione/1392/farmaci/39149/stampati?ts=RCP
Valaciclovir,VALACICLOVIR 1.000MG 21 UNITA' USO ORALE,VALACICLOVIR*21 cpr riv 1.000 mg,AUROBINDO PHARMA ITALIA Srl,040942144,ETA,3199,https://api.aifa.gov.it/aifa-bdf-eif-be/1.0.0/organizzazione/3199/farmaci/40942/stampati?ts=RCP
Valaciclovir,VALACICLOVIR 500MG 42 UNITA' USO ORALE,TALAVIR*42 cpr riv 500 mg,ALFASIGMA SpA,029498019,ETB,4375,https://api.aifa.gov.it/aifa-bdf-eif-be/1.0.0/organizzazione/4375/farmaci/29498/stampati?ts=RCP
Valaciclovir,VALACICLOVIR 500MG 42 UNITA' USO ORALE,ZELITREX*42 cpr riv 500 mg,GLAXOSMITHKLINE SpA,029503012,ETB,200,https://api.aifa.gov.it/aifa-bdf-eif-be/1.0.0/organizzazione/200/farmaci/29503/stampati?ts=RCP
Valaciclovir,VALACICLOVIR 500MG 42 UNITA' USO ORALE,VALACICLOVIR*42 cpr riv 500 mg,MYLAN SpA,039107139,ETB,2322,https://api.aifa.gov.it/aifa-bdf-eif-be/1.0.0/organizzazione/2322/farmaci/39107/stampati?ts=RCP
Valaciclovir,VALACICLOVIR 500MG 42 UNITA' USO ORALE,VALACICLOVIR*42 cpr riv 500 mg,SANDOZ SpA,039149075,ETB,1392,https://api.aifa.gov.it/aifa-bdf-eif-be/1.0.0/organizzazione/1392/farmaci/39149/stampati?ts=RCP
Valaciclovir,VALACICLOVIR 500MG 42 UNITA' USO ORALE,VALACICLOVIR*42 cpr riv 500 mg,AUROBINDO PHARMA ITALIA Srl,040942056,ETB,3199,https://api.aifa.gov.it/aifa-bdf-eif-be/1.0.0/organizzazione/3199/farmaci/40942/stampati?ts=RCP
Valganciclovir,VALGANCICLOVIR 450MG 60 UNITA' USO ORALE,VALCYTE*60 cpr riv 450 mg flacone,CHEPLAPHARM ARZNEIMITTEL GMBH,035739010,T7A,3827,https://api.aifa.gov.it/aifa-bdf-eif-be/1.0.0/organizzazione/3827/farmaci/35739/stampati?ts=RCP
Valganciclovir,VALGANCICLOVIR 450MG 60 UNITA' USO ORALE,VALGANCICLOVIR*60 cpr riv 450 mg flacone,TEVA ITALIA Srl,042545032,T7A,813,https://api.aifa.gov.it/aifa-bdf-eif-be/1.0.0/organizzazione/813/farmaci/42545/stampati?ts=RCP
Valganciclovir,VALGANCICLOVIR 450MG 60 UNITA' USO ORALE,VALGANCICLOVIR*60 cpr riv 450 mg flacone,MYLAN SpA,043146012,T7A,2322,https://api.aifa.gov.it/aifa-bdf-eif-be/1.0.0/organizzazione/2322/farmaci/43146/stampati?ts=RCP
Valganciclovir,VALGANCICLOVIR 450MG 60 UNITA' USO ORALE,VALGANCICLOVIR*60 cpr riv 450 mg,SANDOZ SpA,043694037,T7A,1392,https://api.aifa.gov.it/aifa-bdf-eif-be/1.0.0/organizzazione/1392/farmaci/43694/stampati?ts=RCP
Valganciclovir,VALGANCICLOVIR 450MG 60 UNITA' USO ORALE,VALGANCICLOVIR*60 cpr riv 450 mg,ACCORD HEALTHCARE SLU,044086015,T7A,4852,https://api.aifa.gov.it/aifa-bdf-eif-be/1.0.0/organizzazione/4852/farmaci/44086/stampati?ts=RCP
Valganciclovir,VALGANCICLOVIR 450MG 60 UNITA' USO ORALE,VALGANCICLOVIR*60 cpr riv 450 mg flacone,AUROBINDO PHARMA ITALIA Srl,045932050,T7A,3199,https://api.aifa.gov.it/aifa-bdf-eif-be/1.0.0/organizzazione/3199/farmaci/45932/stampati?ts=RCP
Valganciclovir,VALGANCICLOVIR 5.500MG 1 UNITA' USO ORALE,"VALCYTE*orale polv 5,5 g 50 mg/ml in soluz ricostituita",CHEPLAPHARM ARZNEIMITTEL GMBH,035739022,T7B,3827,https://api.aifa.gov.it/aifa-bdf-eif-be/1.0.0/organizzazione/3827/farmaci/35739/stampati?ts=RCP
Valpromide,VALPROMIDE 300MG 30 UNITA' USO ORALE,DEPAMIDE*30 cpr gastrores 300 mg,SANOFI Srl,023105036,T8A,8055,https://api.aifa.gov.it/aifa-bdf-eif-be/1.0.0/organizzazione/8055/farmaci/23105/stampati?ts=RCP
Valsartan,VALSARTAN 40MG 14 UNITA' USO ORALE,VALPRESSION*14 cpr riv 40 mg,A.MENARINI IND.FARM.RIUN.Srl,033119138,FPA,542,https://api.aifa.gov.it/aifa-bdf-eif-be/1.0.0/organizzazione/542/farmaci/33119/stampati?ts=RCP
Valsartan,VALSARTAN 40MG 14 UNITA' USO ORALE,TAREG*14 cpr riv 40 mg,NOVARTIS FARMA SpA,033178260,FPA,114,https://api.aifa.gov.it/aifa-bdf-eif-be/1.0.0/organizzazione/114/farmaci/33178/stampati?ts=RCP
Valsartan,VALSARTAN 40MG 14 UNITA' USO ORALE,RIXIL*14 cpr riv div 40 mg,SANDOZ SpA,034776207,FPA,1392,https://api.aifa.gov.it/aifa-bdf-eif-be/1.0.0/organizzazione/1392/farmaci/34776/stampati?ts=RCP
Valsartan,VALSARTAN 40MG 14 UNITA' USO ORALE,VALSARTAN*14 cpr riv 40 mg,DOC GENERICI Srl,039815028,FPA,898,https://api.aifa.gov.it/aifa-bdf-eif-be/1.0.0/organizzazione/898/farmaci/39815/stampati?ts=RCP
Valsartan,VALSARTAN 40MG 14 UNITA' USO ORALE,VALSARTAN*14 cpr riv 40 mg,SANDOZ SpA,040318014,FPA,1392,https://api.aifa.gov.it/aifa-bdf-eif-be/1.0.0/organizzazione/1392/farmaci/40318/stampati?ts=RCP
Valsartan,VALSARTAN 40MG 14 UNITA' USO ORALE,VALSARTAN*14 cpr riv 40 mg,ZENTIVA ITALIA Srl,040723013,FPA,8043,https://api.aifa.gov.it/aifa-bdf-eif-be/1.0.0/organizzazione/8043/farmaci/40723/stampati?ts=RCP
Valsartan,VALSARTAN 40MG 14 UNITA' USO ORALE,VALSARTAN*14 cpr riv 40 mg,EG SpA,040782346,FPA,1561,https://api.aifa.gov.it/aifa-bdf-eif-be/1.0.0/organizzazione/1561/farmaci/40782/stampati?ts=RCP
Valsartan,VALSARTAN 40MG 14 UNITA' USO ORALE,VALSARTAN*14 cpr riv 40 mg,ALMUS Srl,041076011,FPA,2812,https://api.aifa.gov.it/aifa-bdf-eif-be/1.0.0/organizzazione/2812/farmaci/41076/stampati?ts=RCP
Valsartan,VALSARTAN 40MG 14 UNITA' USO ORALE,VALSARTAN*14 cpr riv 40 mg,HCS BVBA,041104023,FPA,3377,https://api.aifa.gov.it/aifa-bdf-eif-be/1.0.0/organizzazione/3377/farmaci/41104/stampati?ts=RCP
Valsartan,VALSARTAN 40MG 14 UNITA' USO ORALE,VALSARTAN*14 cpr riv 40 mg,MYLAN SpA,041442031,FPA,2322,https://api.aifa.gov.it/aifa-bdf-eif-be/1.0.0/organizzazione/2322/farmaci/41442/stampati?ts=RCP
Valsartan,VALSARTAN 40MG 14 UNITA' USO ORALE,VALSARTAN*14 cpr riv 40 mg,TOWA PHARMACEUTICAL SpA,041849023,FPA,3018,https://api.aifa.gov.it/aifa-bdf-eif-be/1.0.0/organizzazione/3018/farmaci/41849/stampati?ts=RCP
Valsartan,VALSARTAN 80MG 28 UNITA' USO ORALE,VALPRESSION*28 cps 80 mg,A.MENARINI IND.FARM.RIUN.Srl,033119013,FPB,542,https://api.aifa.gov.it/aifa-bdf-eif-be/1.0.0/organizzazione/542/farmaci/33119/stampati?ts=RCP
Valsartan,VALSARTAN 80MG 28 UNITA' USO ORALE,TAREG*28 cpr riv 80 mg,NOVARTIS FARMA SpA,033178892,FPB,114,https://api.aifa.gov.it/aifa-bdf-eif-be/1.0.0/organizzazione/114/farmaci/33178/stampati?ts=RCP
Valsartan,VALSARTAN 80MG 28 UNITA' USO ORALE,RIXIL*28 cpr riv 80 mg,SANDOZ SpA,034776827,FPB,1392,https://api.aifa.gov.it/aifa-bdf-eif-be/1.0.0/organizzazione/1392/farmaci/34776/stampati?ts=RCP
Valsartan,VALSARTAN 80MG 28 UNITA' USO ORALE,VALSARTAN*28 cpr riv 80 mg,LABORATORI ALTER Srl,039810041,FPB,2753,https://api.aifa.gov.it/aifa-bdf-eif-be/1.0.0/organizzazione/2753/farmaci/39810/stampati?ts=RCP
Valsartan,VALSARTAN 80MG 28 UNITA' USO ORALE,VALSARTAN*28 cpr riv 80 mg,DOC GENERICI Srl,039815156,FPB,898,https://api.aifa.gov.it/aifa-bdf-eif-be/1.0.0/organizzazione/898/farmaci/39815/stampati?ts=RCP
Valsartan,VALSARTAN 80MG 28 UNITA' USO ORALE,VALSARTAN*28 cps 80 mg,MYLAN SpA,040225043,FPB,2322,https://api.aifa.gov.it/aifa-bdf-eif-be/1.0.0/organizzazione/2322/farmaci/40225/stampati?ts=RCP
Valsartan,VALSARTAN 80MG 28 UNITA' USO ORALE,VALSARTAN*28 cpr riv 80 mg,SANDOZ SpA,040318065,FPB,1392,https://api.aifa.gov.it/aifa-bdf-eif-be/1.0.0/organizzazione/1392/farmaci/40318/stampati?ts=RCP
Valsartan,VALSARTAN 80MG 28 UNITA' USO ORALE,VALSARTAN*28 cpr riv 80 mg,ZENTIVA ITALIA Srl,040723076,FPB,8043,https://api.aifa.gov.it/aifa-bdf-eif-be/1.0.0/organizzazione/8043/farmaci/40723/stampati?ts=RCP
Valsartan,VALSARTAN 80MG 28 UNITA' USO ORALE,VALSARTAN*28 cpr riv 80 mg,EG SpA,040782031,FPB,1561,https://api.aifa.gov.it/aifa-bdf-eif-be/1.0.0/organizzazione/1561/farmaci/40782/stampati?ts=RCP
Valsartan,VALSARTAN 80MG 28 UNITA' USO ORALE,VALSARTAN*28 cpr riv 80 mg,ALMUS Srl,041076062,FPB,2812,https://api.aifa.gov.it/aifa-bdf-eif-be/1.0.0/organizzazione/2812/farmaci/41076/stampati?ts=RCP
Valsartan,VALSARTAN 80MG 28 UNITA' USO ORALE,VALSARTAN*28 cpr riv 80 mg,HCS BVBA,041104098,FPB,3377,https://api.aifa.gov.it/aifa-bdf-eif-be/1.0.0/organizzazione/3377/farmaci/41104/stampati?ts=RCP
Valsartan,VALSARTAN 80MG 28 UNITA' USO ORALE,ALSARTIR*28 cpr riv div 80 mg,EG SpA,041129115,FPB,1561,https://api.aifa.gov.it/aifa-bdf-eif-be/1.0.0/organizzazione/1561/farmaci/41129/stampati?ts=RCP
Valsartan,VALSARTAN 80MG 28 UNITA' USO ORALE,PRESSLOVAL*28 cpr riv 80 mg,SO.SE.PHARM Srl,041168067,FPB,8007,https://api.aifa.gov.it/aifa-bdf-eif-be/1.0.0/organizzazione/8007/farmaci/41168/stampati?ts=RCP
Valsartan,VALSARTAN 80MG 28 UNITA' USO ORALE,VALSARTAN*28 cpr riv 80 mg,TOWA PHARMACEUTICAL SpA,041849098,FPB,3018,https://api.aifa.gov.it/aifa-bdf-eif-be/1.0.0/organizzazione/3018/farmaci/41849/stampati?ts=RCP
Valsartan,VALSARTAN 80MG 28 UNITA' USO ORALE,VALSARTAN*28 cpr riv 80 mg,TECNIMEDE SOC.TECNICO-MED.S.A.,042392023,FPB,3241,https://api.aifa.gov.it/aifa-bdf-eif-be/1.0.0/organizzazione/3241/farmaci/42392/stampati?ts=RCP
Valsartan,VALSARTAN 160MG 28 UNITA' USO ORALE,VALPRESSION*28 cps 160 mg,A.MENARINI IND.FARM.RIUN.Srl,033119025,FPC,542,https://api.aifa.gov.it/aifa-bdf-eif-be/1.0.0/organizzazione/542/farmaci/33119/stampati?ts=RCP
Valsartan,VALSARTAN 160MG 28 UNITA' USO ORALE,TAREG*28 cpr riv 160 mg,NOVARTIS FARMA SpA,033178942,FPC,114,https://api.aifa.gov.it/aifa-bdf-eif-be/1.0.0/organizzazione/114/farmaci/33178/stampati?ts=RCP
Valsartan,VALSARTAN 160MG 28 UNITA' USO ORALE,RIXIL*28 cpr riv 160 mg,SANDOZ SpA,034776878,FPC,1392,https://api.aifa.gov.it/aifa-bdf-eif-be/1.0.0/organizzazione/1392/farmaci/34776/stampati?ts=RCP
Valsartan,VALSARTAN 160MG 28 UNITA' USO ORALE,VALSARTAN*28 cpr riv 160 mg,LABORATORI ALTER Srl,039810066,FPC,2753,https://api.aifa.gov.it/aifa-bdf-eif-be/1.0.0/organizzazione/2753/farmaci/39810/stampati?ts=RCP
Valsartan,VALSARTAN 160MG 28 UNITA' USO ORALE,VALSARTAN*28 cpr riv 160 mg,DOC GENERICI Srl,039815271,FPC,898,https://api.aifa.gov.it/aifa-bdf-eif-be/1.0.0/organizzazione/898/farmaci/39815/stampati?ts=RCP
Valsartan,VALSARTAN 160MG 28 UNITA' USO ORALE,VALSARTAN*28 cps 160 mg,MYLAN SpA,040225068,FPC,2322,https://api.aifa.gov.it/aifa-bdf-eif-be/1.0.0/organizzazione/2322/farmaci/40225/stampati?ts=RCP
Valsartan,VALSARTAN 160MG 28 UNITA' USO ORALE,VALSARTAN*28 cpr riv 160 mg,SANDOZ SpA,040318077,FPC,1392,https://api.aifa.gov.it/aifa-bdf-eif-be/1.0.0/organizzazione/1392/farmaci/40318/stampati?ts=RCP
Valsartan,VALSARTAN 160MG 28 UNITA' USO ORALE,VALSARTAN*28 cpr riv 160 mg,ZENTIVA ITALIA Srl,040723126,FPC,8043,https://api.aifa.gov.it/aifa-bdf-eif-be/1.0.0/organizzazione/8043/farmaci/40723/stampati?ts=RCP
Valsartan,VALSARTAN 160MG 28 UNITA' USO ORALE,VALSARTAN*28 cpr riv 160 mg,EG SpA,040782120,FPC,1561,https://api.aifa.gov.it/aifa-bdf-eif-be/1.0.0/organizzazione/1561/farmaci/40782/stampati?ts=RCP
Valsartan,VALSARTAN 160MG 28 UNITA' USO ORALE,VALSARTAN*28 cpr riv 160 mg,ALMUS Srl,041076100,FPC,2812,https://api.aifa.gov.it/aifa-bdf-eif-be/1.0.0/organizzazione/2812/farmaci/41076/stampati?ts=RCP
Valsartan,VALSARTAN 160MG 28 UNITA' USO ORALE,VALSARTAN*28 cpr riv 160 mg,HCS BVBA,041104151,FPC,3377,https://api.aifa.gov.it/aifa-bdf-eif-be/1.0.0/organizzazione/3377/farmaci/41104/stampati?ts=RCP
Valsartan,VALSARTAN 160MG 28 UNITA' USO ORALE,ALSARTIR*28 cpr riv div 160 mg,EG SpA,041129204,FPC,1561,https://api.aifa.gov.it/aifa-bdf-eif-be/1.0.0/organizzazione/1561/farmaci/41129/stampati?ts=RCP
Valsartan,VALSARTAN 160MG 28 UNITA' USO ORALE,PRESSLOVAL*28 cpr riv 160 mg,SO.SE.PHARM Srl,041168105,FPC,8007,https://api.aifa.gov.it/aifa-bdf-eif-be/1.0.0/organizzazione/8007/farmaci/41168/stampati?ts=RCP
Valsartan,VALSARTAN 160MG 28 UNITA' USO ORALE,VALSARTAN*28 cpr riv 160 mg,TOWA PHARMACEUTICAL SpA,041849151,FPC,3018,https://api.aifa.gov.it/aifa-bdf-eif-be/1.0.0/organizzazione/3018/farmaci/41849/stampati?ts=RCP
Valsartan,VALSARTAN 160MG 28 UNITA' USO ORALE,VALSARTAN*28 cpr riv 160 mg,TECNIMEDE SOC.TECNICO-MED.S.A.,042392035,FPC,3241,https://api.aifa.gov.it/aifa-bdf-eif-be/1.0.0/organizzazione/3241/farmaci/42392/stampati?ts=RCP
Valsartan,VALSARTAN 320MG 28 UNITA' USO ORALE,VALPRESSION*28 cpr riv 320 mg,A.MENARINI IND.FARM.RIUN.Srl,033119292,FPD,542,https://api.aifa.gov.it/aifa-bdf-eif-be/1.0.0/organizzazione/542/farmaci/33119/stampati?ts=RCP
Valsartan,VALSARTAN 320MG 28 UNITA' USO ORALE,TAREG*28 cpr riv 320 mg,NOVARTIS FARMA SpA,033178359,FPD,114,https://api.aifa.gov.it/aifa-bdf-eif-be/1.0.0/organizzazione/114/farmaci/33178/stampati?ts=RCP
Valsartan,VALSARTAN 320MG 28 UNITA' USO ORALE,RIXIL*28 cpr riv 320 mg,SANDOZ SpA,034776296,FPD,1392,https://api.aifa.gov.it/aifa-bdf-eif-be/1.0.0/organizzazione/1392/farmaci/34776/stampati?ts=RCP
Valsartan,VALSARTAN 320MG 28 UNITA' USO ORALE,VALSARTAN*28 cpr riv 320 mg,LABORATORI ALTER Srl,039810092,FPD,2753,https://api.aifa.gov.it/aifa-bdf-eif-be/1.0.0/organizzazione/2753/farmaci/39810/stampati?ts=RCP
Valsartan,VALSARTAN 320MG 28 UNITA' USO ORALE,VALSARTAN*28 cpr riv 320 mg,DOC GENERICI Srl,039815372,FPD,898,https://api.aifa.gov.it/aifa-bdf-eif-be/1.0.0/organizzazione/898/farmaci/39815/stampati?ts=RCP
Valsartan,VALSARTAN 320MG 28 UNITA' USO ORALE,VALSARTAN*28 cpr riv 320 mg,SANDOZ SpA,040318115,FPD,1392,https://api.aifa.gov.it/aifa-bdf-eif-be/1.0.0/organizzazione/1392/farmaci/40318/stampati?ts=RCP
Valsartan,VALSARTAN 320MG 28 UNITA' USO ORALE,VALSARTAN*28 cpr riv 320 mg,ZENTIVA ITALIA Srl,040723189,FPD,8043,https://api.aifa.gov.it/aifa-bdf-eif-be/1.0.0/organizzazione/8043/farmaci/40723/stampati?ts=RCP
Valsartan,VALSARTAN 320MG 28 UNITA' USO ORALE,VALSARTAN*28 cpr riv 320 mg,EG SpA,040782219,FPD,1561,https://api.aifa.gov.it/aifa-bdf-eif-be/1.0.0/organizzazione/1561/farmaci/40782/stampati?ts=RCP
Valsartan,VALSARTAN 320MG 28 UNITA' USO ORALE,VALSARTAN*28 cpr riv 320 mg,HCS BVBA,041104237,FPD,3377,https://api.aifa.gov.it/aifa-bdf-eif-be/1.0.0/organizzazione/3377/farmaci/41104/stampati?ts=RCP
Valsartan,VALSARTAN 320MG 28 UNITA' USO ORALE,VALSARTAN*28 cpr riv 320 mg,MYLAN SpA,041442361,FPD,2322,https://api.aifa.gov.it/aifa-bdf-eif-be/1.0.0/organizzazione/2322/farmaci/41442/stampati?ts=RCP
Valsartan,VALSARTAN 320MG 28 UNITA' USO ORALE,VALSARTAN*28 cpr riv 320 mg,TECNIMEDE SOC.TECNICO-MED.S.A.,042392047,FPD,3241,https://api.aifa.gov.it/aifa-bdf-eif-be/1.0.0/organizzazione/3241/farmaci/42392/stampati?ts=RCP
Valsartan/idroclorotiazide,"VALSARTAN+IDROCLOROTIAZIDE 80+12,5MG 28 UNITA' USO ORALE","COTAREG*28 cpr riv 80 mg + 12,5 mg",NOVARTIS FARMA SpA,034114025,FQA,114,https://api.aifa.gov.it/aifa-bdf-eif-be/1.0.0/organizzazione/114/farmaci/34114/stampati?ts=RCP
Valsartan/idroclorotiazide,"VALSARTAN+IDROCLOROTIAZIDE 80+12,5MG 28 UNITA' USO ORALE","COMBISARTAN*28 cpr riv 80 mg + 12,5 mg",A.MENARINI IND.FARM.RIUN.Srl,034134027,FQA,542,https://api.aifa.gov.it/aifa-bdf-eif-be/1.0.0/organizzazione/542/farmaci/34134/stampati?ts=RCP
Valsartan/idroclorotiazide,"VALSARTAN+IDROCLOROTIAZIDE 80+12,5MG 28 UNITA' USO ORALE","CORIXIL*28 cpr riv 80 mg + 12,5 mg",SANDOZ SpA,034774024,FQA,1392,https://api.aifa.gov.it/aifa-bdf-eif-be/1.0.0/organizzazione/1392/farmaci/34774/stampati?ts=RCP
Valsartan/idroclorotiazide,"VALSARTAN+IDROCLOROTIAZIDE 80+12,5MG 28 UNITA' USO ORALE","VALSARTAN E IDROCLOROTIAZIDE*28 cpr riv 80 mg + 12,5 mg",TEVA ITALIA Srl,040259069,FQA,813,https://api.aifa.gov.it/aifa-bdf-eif-be/1.0.0/organizzazione/813/farmaci/40259/stampati?ts=RCP
Valsartan/idroclorotiazide,"VALSARTAN+IDROCLOROTIAZIDE 80+12,5MG 28 UNITA' USO ORALE","VALSARTAN E IDROCLOROTIAZIDE*28 cpr riv 80 mg + 12,5 mg",EG SpA,040589032,FQA,1561,https://api.aifa.gov.it/aifa-bdf-eif-be/1.0.0/organizzazione/1561/farmaci/40589/stampati?ts=RCP
Valsartan/idroclorotiazide,"VALSARTAN+IDROCLOROTIAZIDE 80+12,5MG 28 UNITA' USO ORALE","VALBACOMP*28 cpr riv 80 mg + 12,5 mg",EG SpA,040757039,FQA,1561,https://api.aifa.gov.it/aifa-bdf-eif-be/1.0.0/organizzazione/1561/farmaci/40757/stampati?ts=RCP
Valsartan/idroclorotiazide,"VALSARTAN+IDROCLOROTIAZIDE 80+12,5MG 28 UNITA' USO ORALE","VALSARTAN E IDROCLOROTIAZIDE*28 cpr riv 80 mg + 12,5 mg",SANDOZ SpA,040920023,FQA,1392,https://api.aifa.gov.it/aifa-bdf-eif-be/1.0.0/organizzazione/1392/farmaci/40920/stampati?ts=RCP
Valsartan/idroclorotiazide,"VALSARTAN+IDROCLOROTIAZIDE 80+12,5MG 28 UNITA' USO ORALE","VALSARTAN E IDROCLOROTIAZIDE*28 cpr riv 80 mg + 12,5 mg",HCS BVBA,041012028,FQA,3377,https://api.aifa.gov.it/aifa-bdf-eif-be/1.0.0/organizzazione/3377/farmaci/41012/stampati?ts=RCP
Valsartan/idroclorotiazide,"VALSARTAN+IDROCLOROTIAZIDE 80+12,5MG 28 UNITA' USO ORALE","VALSARTAN E IDROCLOROTIAZIDE*28 cpr riv 80 mg + 12,5 mg",DOC GENERICI Srl,041105014,FQA,898,https://api.aifa.gov.it/aifa-bdf-eif-be/1.0.0/organizzazione/898/farmaci/41105/stampati?ts=RCP
Valsartan/idroclorotiazide,"VALSARTAN+IDROCLOROTIAZIDE 80+12,5MG 28 UNITA' USO ORALE","VALSARTAN E IDROCLOROTIAZIDE*28 cpr riv 80 mg + 12,5 mg",MYLAN SpA,041255011,FQA,2322,https://api.aifa.gov.it/aifa-bdf-eif-be/1.0.0/organizzazione/2322/farmaci/41255/stampati?ts=RCP
Valsartan/idroclorotiazide,"VALSARTAN+IDROCLOROTIAZIDE 80+12,5MG 28 UNITA' USO ORALE","VALIDROC*28 cpr riv 80 mg + 12,5 mg",SO.SE.PHARM Srl,041293034,FQA,8007,https://api.aifa.gov.it/aifa-bdf-eif-be/1.0.0/organizzazione/8007/farmaci/41293/stampati?ts=RCP
Valsartan/idroclorotiazide,"VALSARTAN+IDROCLOROTIAZIDE 80+12,5MG 28 UNITA' USO ORALE","VALSARTAN E IDROCLOROTIAZIDE*28 cpr riv 80 mg + 12,5 mg",ZENTIVA ITALIA Srl,041492036,FQA,8043,https://api.aifa.gov.it/aifa-bdf-eif-be/1.0.0/organizzazione/8043/farmaci/41492/stampati?ts=RCP
Valsartan/idroclorotiazide,"VALSARTAN+IDROCLOROTIAZIDE 80+12,5MG 28 UNITA' USO ORALE","VALSARTAN E IDROCLOROTIAZIDE*28 cpr riv 80 mg + 12,5 mg",AUROBINDO PHARMA ITALIA Srl,042278010,FQA,3199,https://api.aifa.gov.it/aifa-bdf-eif-be/1.0.0/organizzazione/3199/farmaci/42278/stampati?ts=RCP
Valsartan/idroclorotiazide,"VALSARTAN+IDROCLOROTIAZIDE 160+12,5MG 28 UNITA' USO ORALE","COTAREG*28 cpr riv 160 mg + 12,5 mg",NOVARTIS FARMA SpA,034114076,FQB,114,https://api.aifa.gov.it/aifa-bdf-eif-be/1.0.0/organizzazione/114/farmaci/34114/stampati?ts=RCP
Valsartan/idroclorotiazide,"VALSARTAN+IDROCLOROTIAZIDE 160+12,5MG 28 UNITA' USO ORALE","COMBISARTAN*28 cpr riv 160 mg + 12,5 mg",A.MENARINI IND.FARM.RIUN.Srl,034134041,FQB,542,https://api.aifa.gov.it/aifa-bdf-eif-be/1.0.0/organizzazione/542/farmaci/34134/stampati?ts=RCP
Valsartan/idroclorotiazide,"VALSARTAN+IDROCLOROTIAZIDE 160+12,5MG 28 UNITA' USO ORALE","CORIXIL*28 cpr riv 160 mg + 12,5 mg",SANDOZ SpA,034774048,FQB,1392,https://api.aifa.gov.it/aifa-bdf-eif-be/1.0.0/organizzazione/1392/farmaci/34774/stampati?ts=RCP
Valsartan/idroclorotiazide,"VALSARTAN+IDROCLOROTIAZIDE 160+12,5MG 28 UNITA' USO ORALE","VALSARTAN E IDROCLOROTIAZIDE*28 cpr riv 160 mg + 12,5 mg",TEVA ITALIA Srl,040240044,FQB,813,https://api.aifa.gov.it/aifa-bdf-eif-be/1.0.0/organizzazione/813/farmaci/40240/stampati?ts=RCP
Valsartan/idroclorotiazide,"VALSARTAN+IDROCLOROTIAZIDE 160+12,5MG 28 UNITA' USO ORALE","VALSARTAN E IDROCLOROTIAZIDE*28 cpr riv 160 mg + 12,5 mg",EG SpA,040589119,FQB,1561,https://api.aifa.gov.it/aifa-bdf-eif-be/1.0.0/organizzazione/1561/farmaci/40589/stampati?ts=RCP
Valsartan/idroclorotiazide,"VALSARTAN+IDROCLOROTIAZIDE 160+12,5MG 28 UNITA' USO ORALE","VALBACOMP*28 cpr riv 160 mg + 12,5 mg",EG SpA,040757116,FQB,1561,https://api.aifa.gov.it/aifa-bdf-eif-be/1.0.0/organizzazione/1561/farmaci/40757/stampati?ts=RCP
Valsartan/idroclorotiazide,"VALSARTAN+IDROCLOROTIAZIDE 160+12,5MG 28 UNITA' USO ORALE","VALSARTAN E IDROCLOROTIAZIDE*28 cpr riv 160 mg + 12,5 mg",SANDOZ SpA,040920074,FQB,1392,https://api.aifa.gov.it/aifa-bdf-eif-be/1.0.0/organizzazione/1392/farmaci/40920/stampati?ts=RCP
Valsartan/idroclorotiazide,"VALSARTAN+IDROCLOROTIAZIDE 160+12,5MG 28 UNITA' USO ORALE","VALSARTAN E IDROCLOROTIAZIDE*28 cpr riv 160 mg + 12,5 mg",HCS BVBA,041012143,FQB,3377,https://api.aifa.gov.it/aifa-bdf-eif-be/1.0.0/organizzazione/3377/farmaci/41012/stampati?ts=RCP
Valsartan/idroclorotiazide,"VALSARTAN+IDROCLOROTIAZIDE 160+12,5MG 28 UNITA' USO ORALE","VALSARTAN E IDROCLOROTIAZIDE*28 cpr riv 160 mg + 12,5 mg",DOC GENERICI Srl,041105026,FQB,898,https://api.aifa.gov.it/aifa-bdf-eif-be/1.0.0/organizzazione/898/farmaci/41105/stampati?ts=RCP
Valsartan/idroclorotiazide,"VALSARTAN+IDROCLOROTIAZIDE 160+12,5MG 28 UNITA' USO ORALE","VALSARTAN E IDROCLOROTIAZIDE*28 cpr riv 160 mg + 12,5 mg",MYLAN SpA,041255023,FQB,2322,https://api.aifa.gov.it/aifa-bdf-eif-be/1.0.0/organizzazione/2322/farmaci/41255/stampati?ts=RCP
Valsartan/idroclorotiazide,"VALSARTAN+IDROCLOROTIAZIDE 160+12,5MG 28 UNITA' USO ORALE","VALIDROC*28 cpr riv 160 mg + 12,5 mg",SO.SE.PHARM Srl,041293111,FQB,8007,https://api.aifa.gov.it/aifa-bdf-eif-be/1.0.0/organizzazione/8007/farmaci/41293/stampati?ts=RCP
Valsartan/idroclorotiazide,"VALSARTAN+IDROCLOROTIAZIDE 160+12,5MG 28 UNITA' USO ORALE","VALSARTAN E IDROCLOROTIAZIDE*28 cpr riv 160 mg + 12,5 mg",TECNIMEDE SOC.TECNICO-MED.S.A.,041944024,FQB,3241,https://api.aifa.gov.it/aifa-bdf-eif-be/1.0.0/organizzazione/3241/farmaci/41944/stampati?ts=RCP
Valsartan/idroclorotiazide,"VALSARTAN+IDROCLOROTIAZIDE 160+12,5MG 28 UNITA' USO ORALE","VALSARTAN E IDROCLOROTIAZIDE*28 cpr riv 160 mg + 12,5 mg",TOWA PHARMACEUTICAL SpA,041967023,FQB,3018,https://api.aifa.gov.it/aifa-bdf-eif-be/1.0.0/organizzazione/3018/farmaci/41967/stampati?ts=RCP
Valsartan/idroclorotiazide,"VALSARTAN+IDROCLOROTIAZIDE 160+12,5MG 28 UNITA' USO ORALE","VALSARTAN E IDROCLOROTIAZIDE*28 cpr riv 160 mg + 12,5 mg",ALMUS Srl,042208177,FQB,2812,https://api.aifa.gov.it/aifa-bdf-eif-be/1.0.0/organizzazione/2812/farmaci/42208/stampati?ts=RCP
Valsartan/idroclorotiazide,"VALSARTAN+IDROCLOROTIAZIDE 160+12,5MG 28 UNITA' USO ORALE","VALSARTAN E IDROCLOROTIAZIDE*28 cpr riv 160 mg + 12,5 mg",AUROBINDO PHARMA ITALIA Srl,042278022,FQB,3199,https://api.aifa.gov.it/aifa-bdf-eif-be/1.0.0/organizzazione/3199/farmaci/42278/stampati?ts=RCP
Valsartan/idroclorotiazide,"VALSARTAN+IDROCLOROTIAZIDE 160+12,5MG 28 UNITA' USO ORALE","VALSARTAN E IDROCLOROTIAZIDE*28 cpr riv 160 mg + 12,5 mg",ZENTIVA ITALIA Srl,042636050,FQB,8043,https://api.aifa.gov.it/aifa-bdf-eif-be/1.0.0/organizzazione/8043/farmaci/42636/stampati?ts=RCP
Valsartan/idroclorotiazide,VALSARTAN+IDROCLOROTIAZIDE 160+25MG 28 UNITA' USO ORALE,COTAREG*28 cpr riv 160 mg + 25 mg,NOVARTIS FARMA SpA,034114140,FQC,114,https://api.aifa.gov.it/aifa-bdf-eif-be/1.0.0/organizzazione/114/farmaci/34114/stampati?ts=RCP
Valsartan/idroclorotiazide,VALSARTAN+IDROCLOROTIAZIDE 160+25MG 28 UNITA' USO ORALE,COMBISARTAN*28 cpr riv 160 mg + 25 mg,A.MENARINI IND.FARM.RIUN.Srl,034134116,FQC,542,https://api.aifa.gov.it/aifa-bdf-eif-be/1.0.0/organizzazione/542/farmaci/34134/stampati?ts=RCP
Valsartan/idroclorotiazide,VALSARTAN+IDROCLOROTIAZIDE 160+25MG 28 UNITA' USO ORALE,CORIXIL*28 cpr riv 160 mg + 25 mg,SANDOZ SpA,034774113,FQC,1392,https://api.aifa.gov.it/aifa-bdf-eif-be/1.0.0/organizzazione/1392/farmaci/34774/stampati?ts=RCP
Valsartan/idroclorotiazide,VALSARTAN+IDROCLOROTIAZIDE 160+25MG 28 UNITA' USO ORALE,VALSARTAN E IDROCLOROTIAZIDE*28 cpr riv 160 mg + 25 mg,TEVA ITALIA Srl,040259259,FQC,813,https://api.aifa.gov.it/aifa-bdf-eif-be/1.0.0/organizzazione/813/farmaci/40259/stampati?ts=RCP
Valsartan/idroclorotiazide,VALSARTAN+IDROCLOROTIAZIDE 160+25MG 28 UNITA' USO ORALE,VALSARTAN E IDROCLOROTIAZIDE*28 cpr riv 160 mg + 25 mg,EG SpA,040589196,FQC,1561,https://api.aifa.gov.it/aifa-bdf-eif-be/1.0.0/organizzazione/1561/farmaci/40589/stampati?ts=RCP
Valsartan/idroclorotiazide,VALSARTAN+IDROCLOROTIAZIDE 160+25MG 28 UNITA' USO ORALE,VALBACOMP*28 cpr riv 160 mg + 25 mg,EG SpA,040757193,FQC,1561,https://api.aifa.gov.it/aifa-bdf-eif-be/1.0.0/organizzazione/1561/farmaci/40757/stampati?ts=RCP
Valsartan/idroclorotiazide,VALSARTAN+IDROCLOROTIAZIDE 160+25MG 28 UNITA' USO ORALE,VALSARTAN E IDROCLOROTIAZIDE*28 cpr riv 160 mg + 25 mg,SANDOZ SpA,040920100,FQC,1392,https://api.aifa.gov.it/aifa-bdf-eif-be/1.0.0/organizzazione/1392/farmaci/40920/stampati?ts=RCP
Valsartan/idroclorotiazide,VALSARTAN+IDROCLOROTIAZIDE 160+25MG 28 UNITA' USO ORALE,VALSARTAN E IDROCLOROTIAZIDE*28 cpr riv 160 mg + 25 mg,HCS BVBA,041012269,FQC,3377,https://api.aifa.gov.it/aifa-bdf-eif-be/1.0.0/organizzazione/3377/farmaci/41012/stampati?ts=RCP
Valsartan/idroclorotiazide,VALSARTAN+IDROCLOROTIAZIDE 160+25MG 28 UNITA' USO ORALE,VALSARTAN E IDROCLOROTIAZIDE*28 cpr riv 160 mg + 25 mg,DOC GENERICI Srl,041105038,FQC,898,https://api.aifa.gov.it/aifa-bdf-eif-be/1.0.0/organizzazione/898/farmaci/41105/stampati?ts=RCP
Valsartan/idroclorotiazide,VALSARTAN+IDROCLOROTIAZIDE 160+25MG 28 UNITA' USO ORALE,VALSARTAN E IDROCLOROTIAZIDE*28 cpr riv 160 mg + 25 mg,MYLAN SpA,041255035,FQC,2322,https://api.aifa.gov.it/aifa-bdf-eif-be/1.0.0/organizzazione/2322/farmaci/41255/stampati?ts=RCP
Valsartan/idroclorotiazide,VALSARTAN+IDROCLOROTIAZIDE 160+25MG 28 UNITA' USO ORALE,VALIDROC*28 cpr riv 160 mg + 25 mg,SO.SE.PHARM Srl,041293198,FQC,8007,https://api.aifa.gov.it/aifa-bdf-eif-be/1.0.0/organizzazione/8007/farmaci/41293/stampati?ts=RCP
Valsartan/idroclorotiazide,VALSARTAN+IDROCLOROTIAZIDE 160+25MG 28 UNITA' USO ORALE,VALSARTAN E IDROCLOROTIAZIDE*28 cpr riv 160 mg + 25 mg,ZENTIVA ITALIA Srl,041492137,FQC,8043,https://api.aifa.gov.it/aifa-bdf-eif-be/1.0.0/organizzazione/8043/farmaci/41492/stampati?ts=RCP
Valsartan/idroclorotiazide,VALSARTAN+IDROCLOROTIAZIDE 160+25MG 28 UNITA' USO ORALE,VALSARTAN E IDROCLOROTIAZIDE*28 cpr riv 160 mg + 25 mg,TECNIMEDE SOC.TECNICO-MED.S.A.,041944036,FQC,3241,https://api.aifa.gov.it/aifa-bdf-eif-be/1.0.0/organizzazione/3241/farmaci/41944/stampati?ts=RCP
Valsartan/idroclorotiazide,VALSARTAN+IDROCLOROTIAZIDE 160+25MG 28 UNITA' USO ORALE,VALSARTAN E IDROCLOROTIAZIDE*28 cpr riv 160 mg + 25 mg,TOWA PHARMACEUTICAL SpA,041967035,FQC,3018,https://api.aifa.gov.it/aifa-bdf-eif-be/1.0.0/organizzazione/3018/farmaci/41967/stampati?ts=RCP
Valsartan/idroclorotiazide,VALSARTAN+IDROCLOROTIAZIDE 160+25MG 28 UNITA' USO ORALE,VALSARTAN E IDROCLOROTIAZIDE*28 cpr riv 160 mg + 25 mg,ALMUS Srl,042208316,FQC,2812,https://api.aifa.gov.it/aifa-bdf-eif-be/1.0.0/organizzazione/2812/farmaci/42208/stampati?ts=RCP
Valsartan/idroclorotiazide,VALSARTAN+IDROCLOROTIAZIDE 160+25MG 28 UNITA' USO ORALE,VALSARTAN E IDROCLOROTIAZIDE*28 cpr riv 160 mg + 25 mg,AUROBINDO PHARMA ITALIA Srl,042278034,FQC,3199,https://api.aifa.gov.it/aifa-bdf-eif-be/1.0.0/organizzazione/3199/farmaci/42278/stampati?ts=RCP
Valsartan/idroclorotiazide,"VALSARTAN+IDROCLOROTIAZIDE 320+12,5MG 28 UNITA' USO ORALE","COTAREG*28 cpr riv 320 mg + 12,5 mg",NOVARTIS FARMA SpA,034114215,FQD,114,https://api.aifa.gov.it/aifa-bdf-eif-be/1.0.0/organizzazione/114/farmaci/34114/stampati?ts=RCP
Valsartan/idroclorotiazide,"VALSARTAN+IDROCLOROTIAZIDE 320+12,5MG 28 UNITA' USO ORALE","COMBISARTAN*28 cpr riv 320 mg + 12,5 mg",A.MENARINI IND.FARM.RIUN.Srl,034134181,FQD,542,https://api.aifa.gov.it/aifa-bdf-eif-be/1.0.0/organizzazione/542/farmaci/34134/stampati?ts=RCP
Valsartan/idroclorotiazide,"VALSARTAN+IDROCLOROTIAZIDE 320+12,5MG 28 UNITA' USO ORALE","CORIXIL*28 cpr riv 320 mg + 12,5 mg",SANDOZ SpA,034774188,FQD,1392,https://api.aifa.gov.it/aifa-bdf-eif-be/1.0.0/organizzazione/1392/farmaci/34774/stampati?ts=RCP
Valsartan/idroclorotiazide,"VALSARTAN+IDROCLOROTIAZIDE 320+12,5MG 28 UNITA' USO ORALE","VALSARTAN E IDROCLOROTIAZIDE*28 cpr riv 320 mg + 12,5 mg",EG SpA,040589273,FQD,1561,https://api.aifa.gov.it/aifa-bdf-eif-be/1.0.0/organizzazione/1561/farmaci/40589/stampati?ts=RCP
Valsartan/idroclorotiazide,"VALSARTAN+IDROCLOROTIAZIDE 320+12,5MG 28 UNITA' USO ORALE","VALSARTAN E IDROCLOROTIAZIDE*28 cpr riv 320 mg + 12,5 mg",TEVA PHARMA B.V.,040709026,FQD,907,https://api.aifa.gov.it/aifa-bdf-eif-be/1.0.0/organizzazione/907/farmaci/40709/stampati?ts=RCP
Valsartan/idroclorotiazide,"VALSARTAN+IDROCLOROTIAZIDE 320+12,5MG 28 UNITA' USO ORALE","VALBACOMP*28 cpr riv 320 mg + 12,5 mg",EG SpA,040757268,FQD,1561,https://api.aifa.gov.it/aifa-bdf-eif-be/1.0.0/organizzazione/1561/farmaci/40757/stampati?ts=RCP
Valsartan/idroclorotiazide,"VALSARTAN+IDROCLOROTIAZIDE 320+12,5MG 28 UNITA' USO ORALE","VALSARTAN E IDROCLOROTIAZIDE*28 cpr riv 320 mg + 12,5 mg",SANDOZ SpA,040920136,FQD,1392,https://api.aifa.gov.it/aifa-bdf-eif-be/1.0.0/organizzazione/1392/farmaci/40920/stampati?ts=RCP
Valsartan/idroclorotiazide,"VALSARTAN+IDROCLOROTIAZIDE 320+12,5MG 28 UNITA' USO ORALE","VALSARTAN E IDROCLOROTIAZIDE*28 cpr riv 320 mg + 12,5 mg",HCS BVBA,041012396,FQD,3377,https://api.aifa.gov.it/aifa-bdf-eif-be/1.0.0/organizzazione/3377/farmaci/41012/stampati?ts=RCP
Valsartan/idroclorotiazide,"VALSARTAN+IDROCLOROTIAZIDE 320+12,5MG 28 UNITA' USO ORALE","VALSARTAN E IDROCLOROTIAZIDE*28 cpr riv 320 mg + 12,5 mg",DOC GENERICI Srl,041105040,FQD,898,https://api.aifa.gov.it/aifa-bdf-eif-be/1.0.0/organizzazione/898/farmaci/41105/stampati?ts=RCP
Valsartan/idroclorotiazide,"VALSARTAN+IDROCLOROTIAZIDE 320+12,5MG 28 UNITA' USO ORALE","VALSARTAN E IDROCLOROTIAZIDE*28 cpr riv 320 mg + 12,5 mg",MYLAN SpA,041255062,FQD,2322,https://api.aifa.gov.it/aifa-bdf-eif-be/1.0.0/organizzazione/2322/farmaci/41255/stampati?ts=RCP
Valsartan/idroclorotiazide,"VALSARTAN+IDROCLOROTIAZIDE 320+12,5MG 28 UNITA' USO ORALE","VALSARTAN E IDROCLOROTIAZIDE*28 cpr riv 320 mg + 12,5 mg",TECNIMEDE SOC.TECNICO-MED.S.A.,041944048,FQD,3241,https://api.aifa.gov.it/aifa-bdf-eif-be/1.0.0/organizzazione/3241/farmaci/41944/stampati?ts=RCP
Valsartan/idroclorotiazide,"VALSARTAN+IDROCLOROTIAZIDE 320+12,5MG 28 UNITA' USO ORALE","VALSARTAN E IDROCLOROTIAZIDE*28 cpr riv 320 mg + 12,5 mg",AUROBINDO PHARMA ITALIA Srl,042278046,FQD,3199,https://api.aifa.gov.it/aifa-bdf-eif-be/1.0.0/organizzazione/3199/farmaci/42278/stampati?ts=RCP
Valsartan/idroclorotiazide,"VALSARTAN+IDROCLOROTIAZIDE 320+12,5MG 28 UNITA' USO ORALE","VALSARTAN E IDROCLOROTIAZIDE*28 cpr riv 320 mg + 12,5 mg",ZENTIVA ITALIA Srl,042636163,FQD,8043,https://api.aifa.gov.it/aifa-bdf-eif-be/1.0.0/organizzazione/8043/farmaci/42636/stampati?ts=RCP
Valsartan/idroclorotiazide,VALSARTAN+IDROCLOROTIAZIDE 320+25MG 28 UNITA' USO ORALE,COTAREG*28 cpr riv 320 mg + 25 mg,NOVARTIS FARMA SpA,034114292,FQE,114,https://api.aifa.gov.it/aifa-bdf-eif-be/1.0.0/organizzazione/114/farmaci/34114/stampati?ts=RCP
Valsartan/idroclorotiazide,VALSARTAN+IDROCLOROTIAZIDE 320+25MG 28 UNITA' USO ORALE,COMBISARTAN*28 cpr riv 320 mg + 25 mg,A.MENARINI IND.FARM.RIUN.Srl,034134268,FQE,542,https://api.aifa.gov.it/aifa-bdf-eif-be/1.0.0/organizzazione/542/farmaci/34134/stampati?ts=RCP
Valsartan/idroclorotiazide,VALSARTAN+IDROCLOROTIAZIDE 320+25MG 28 UNITA' USO ORALE,CORIXIL*28 cpr riv 320 mg + 25 mg,SANDOZ SpA,034774265,FQE,1392,https://api.aifa.gov.it/aifa-bdf-eif-be/1.0.0/organizzazione/1392/farmaci/34774/stampati?ts=RCP
Valsartan/idroclorotiazide,VALSARTAN+IDROCLOROTIAZIDE 320+25MG 28 UNITA' USO ORALE,VALSARTAN E IDROCLOROTIAZIDE*28 cpr riv 320 mg + 25 mg,EG SpA,040589362,FQE,1561,https://api.aifa.gov.it/aifa-bdf-eif-be/1.0.0/organizzazione/1561/farmaci/40589/stampati?ts=RCP
Valsartan/idroclorotiazide,VALSARTAN+IDROCLOROTIAZIDE 320+25MG 28 UNITA' USO ORALE,VALSARTAN E IDROCLOROTIAZIDE*28 cpr riv 320 mg + 25 mg,TEVA PHARMA B.V.,040709141,FQE,907,https://api.aifa.gov.it/aifa-bdf-eif-be/1.0.0/organizzazione/907/farmaci/40709/stampati?ts=RCP
Valsartan/idroclorotiazide,VALSARTAN+IDROCLOROTIAZIDE 320+25MG 28 UNITA' USO ORALE,VALBACOMP*28 cpr riv 320 mg + 25 mg,EG SpA,040757320,FQE,1561,https://api.aifa.gov.it/aifa-bdf-eif-be/1.0.0/organizzazione/1561/farmaci/40757/stampati?ts=RCP
Valsartan/idroclorotiazide,VALSARTAN+IDROCLOROTIAZIDE 320+25MG 28 UNITA' USO ORALE,VALSARTAN E IDROCLOROTIAZIDE*28 cpr riv 320 mg + 25 mg,SANDOZ SpA,040920151,FQE,1392,https://api.aifa.gov.it/aifa-bdf-eif-be/1.0.0/organizzazione/1392/farmaci/40920/stampati?ts=RCP
Valsartan/idroclorotiazide,VALSARTAN+IDROCLOROTIAZIDE 320+25MG 28 UNITA' USO ORALE,VALSARTAN E IDROCLOROTIAZIDE*28 cpr riv 320 mg + 25 mg,HCS BVBA,041012535,FQE,3377,https://api.aifa.gov.it/aifa-bdf-eif-be/1.0.0/organizzazione/3377/farmaci/41012/stampati?ts=RCP
Valsartan/idroclorotiazide,VALSARTAN+IDROCLOROTIAZIDE 320+25MG 28 UNITA' USO ORALE,VALSARTAN E IDROCLOROTIAZIDE*28 cpr riv 320 mg + 25 mg,DOC GENERICI Srl,041105053,FQE,898,https://api.aifa.gov.it/aifa-bdf-eif-be/1.0.0/organizzazione/898/farmaci/41105/stampati?ts=RCP
Valsartan/idroclorotiazide,VALSARTAN+IDROCLOROTIAZIDE 320+25MG 28 UNITA' USO ORALE,VALSARTAN E IDROCLOROTIAZIDE*28 cpr riv 320 mg + 25 mg,MYLAN SpA,041255074,FQE,2322,https://api.aifa.gov.it/aifa-bdf-eif-be/1.0.0/organizzazione/2322/farmaci/41255/stampati?ts=RCP
Valsartan/idroclorotiazide,VALSARTAN+IDROCLOROTIAZIDE 320+25MG 28 UNITA' USO ORALE,VALSARTAN E IDROCLOROTIAZIDE*28 cpr riv 320 mg + 25 mg,TECNIMEDE SOC.TECNICO-MED.S.A.,041944051,FQE,3241,https://api.aifa.gov.it/aifa-bdf-eif-be/1.0.0/organizzazione/3241/farmaci/41944/stampati?ts=RCP
Valsartan/idroclorotiazide,VALSARTAN+IDROCLOROTIAZIDE 320+25MG 28 UNITA' USO ORALE,VALSARTAN E IDROCLOROTIAZIDE*28 cpr riv 320 mg + 25 mg,AUROBINDO PHARMA ITALIA Srl,042278059,FQE,3199,https://api.aifa.gov.it/aifa-bdf-eif-be/1.0.0/organizzazione/3199/farmaci/42278/stampati?ts=RCP
Valsartan/idroclorotiazide,VALSARTAN+IDROCLOROTIAZIDE 320+25MG 28 UNITA' USO ORALE,VALSARTAN E IDROCLOROTIAZIDE*28 cpr riv 320 mg + 25 mg,ZENTIVA ITALIA Srl,042636276,FQE,8043,https://api.aifa.gov.it/aifa-bdf-eif-be/1.0.0/organizzazione/8043/farmaci/42636/stampati?ts=RCP
Vancomicina,VANCOMICINA 250MG 4 UNITA' USO ORALE,MAXIVANIL*4 cps 250 mg,GENETIC SpA,034984031,T9A,2519,https://api.aifa.gov.it/aifa-bdf-eif-be/1.0.0/organizzazione/2519/farmaci/34984/stampati?ts=RCP
Vancomicina,VANCOMICINA 250MG 4 UNITA' USO ORALE,LEVOVANOX*4 cps 250 mg,GENETIC SpA,035003033,T9A,2519,https://api.aifa.gov.it/aifa-bdf-eif-be/1.0.0/organizzazione/2519/farmaci/35003/stampati?ts=RCP
Vardenafil,VARDENAFIL 20MG 12 UNITA' USO ORALE,LEVITRA*12 cpr riv 20 mg,BAYER PHARMA AG,035734122,KBQ,689,https://api.aifa.gov.it/aifa-bdf-eif-be/1.0.0/organizzazione/689/farmaci/35734/stampati?ts=RCP
Vardenafil,VARDENAFIL 20MG 12 UNITA' USO ORALE,VARDENAFIL*12 cpr riv 20 mg,MYLAN SpA,045027149,KBQ,2322,https://api.aifa.gov.it/aifa-bdf-eif-be/1.0.0/organizzazione/2322/farmaci/45027/stampati?ts=RCP
Vardenafil,VARDENAFIL 20MG 12 UNITA' USO ORALE,VARDENAFIL*12 cpr riv 20 mg,DOC GENERICI Srl,045160064,KBQ,898,https://api.aifa.gov.it/aifa-bdf-eif-be/1.0.0/organizzazione/898/farmaci/45160/stampati?ts=RCP
Vardenafil,VARDENAFIL 20MG 12 UNITA' USO ORALE,VARDENAFIL*12 cpr riv 20 mg,TEVA ITALIA Srl,045476203,KBQ,813,https://api.aifa.gov.it/aifa-bdf-eif-be/1.0.0/organizzazione/813/farmaci/45476/stampati?ts=RCP
Vareniclina,"VARENICLINA 0,5MG 11 UNITA'+1MG 14 UNITA' USO ORALE","CHAMPIX*11 cpr riv 0,5 mg + 14 cpr 1 mg",PFIZER EUROPE MA EEIG,037550148,ITU,4849,https://api.aifa.gov.it/aifa-bdf-eif-be/1.0.0/organizzazione/4849/farmaci/37550/stampati?ts=RCP
Vareniclina,VARENICLINA 1MG 28 UNITA' USO ORALE,CHAMPIX*28 cpr riv 1 mg,PFIZER EUROPE MA EEIG,037550151,ITV,4849,https://api.aifa.gov.it/aifa-bdf-eif-be/1.0.0/organizzazione/4849/farmaci/37550/stampati?ts=RCP
Vareniclina,VARENICLINA 1MG 56 UNITA' USO ORALE,CHAMPIX*56 cpr riv 1 mg,PFIZER EUROPE MA EEIG,037550163,ITW,4849,https://api.aifa.gov.it/aifa-bdf-eif-be/1.0.0/organizzazione/4849/farmaci/37550/stampati?ts=RCP
Venlafaxina,VENLAFAXINA 75MG 14 UNITA' USO ORALE RP,EFEXOR*14 cps 75 mg rilascio prolungato,VIATRIS PHARMA Srl,028831055,E3A,4995,https://api.aifa.gov.it/aifa-bdf-eif-be/1.0.0/organizzazione/4995/farmaci/28831/stampati?ts=RCP
Venlafaxina,VENLAFAXINA 75MG 14 UNITA' USO ORALE RP,VENLAFAXINA*14 cps 75 mg rilascio prolungato,VIATRIS PHARMA Srl,028834051,E3A,4995,https://api.aifa.gov.it/aifa-bdf-eif-be/1.0.0/organizzazione/4995/farmaci/28834/stampati?ts=RCP
Venlafaxina,VENLAFAXINA 75MG 14 UNITA' USO ORALE RP,VENLAFAXINA*14 cps 75 mg rilascio prolungato,ZENTIVA ITALIA Srl,037881289,E3A,8043,https://api.aifa.gov.it/aifa-bdf-eif-be/1.0.0/organizzazione/8043/farmaci/37881/stampati?ts=RCP
Venlafaxina,VENLAFAXINA 75MG 14 UNITA' USO ORALE RP,ZARELIS*14 cpr 75 mg rilascio prolungato,ITALFARMACO SpA,038316028,E3A,68,https://api.aifa.gov.it/aifa-bdf-eif-be/1.0.0/organizzazione/68/farmaci/38316/stampati?ts=RCP
Venlafaxina,VENLAFAXINA 75MG 14 UNITA' USO ORALE RP,VENLAFAXINA*14 cps 75 mg rilascio modificato,LABORATORI ALTER Srl,038465050,E3A,2753,https://api.aifa.gov.it/aifa-bdf-eif-be/1.0.0/organizzazione/2753/farmaci/38465/stampati?ts=RCP
Venlafaxina,VENLAFAXINA 75MG 14 UNITA' USO ORALE RP,VENLAFAXINA*14 cps 75 mg rilascio prolungato,DOC GENERICI Srl,038466076,E3A,898,https://api.aifa.gov.it/aifa-bdf-eif-be/1.0.0/organizzazione/898/farmaci/38466/stampati?ts=RCP
Venlafaxina,VENLAFAXINA 75MG 14 UNITA' USO ORALE RP,VENLAFAXINA*14 cps 75 mg rilascio prolungato,KRKA D.D.NOVO MESTO,038499113,E3A,1896,https://api.aifa.gov.it/aifa-bdf-eif-be/1.0.0/organizzazione/1896/farmaci/38499/stampati?ts=RCP
Venlafaxina,VENLAFAXINA 75MG 14 UNITA' USO ORALE RP,VENLAFAXINA*14 cps 75 mg rilascio prolungato,TEVA ITALIA Srl,038500118,E3A,813,https://api.aifa.gov.it/aifa-bdf-eif-be/1.0.0/organizzazione/813/farmaci/38500/stampati?ts=RCP
Venlafaxina,VENLAFAXINA 75MG 14 UNITA' USO ORALE RP,IXILANIA*14 cps 75 mg rilascio prolungato,NEURAXPHARM ITALY SpA,038506010,E3A,3665,https://api.aifa.gov.it/aifa-bdf-eif-be/1.0.0/organizzazione/3665/farmaci/38506/stampati?ts=RCP
Venlafaxina,VENLAFAXINA 75MG 14 UNITA' USO ORALE RP,VENLAFAXINA*14 cps 75 mg rilascio prolungato,MYLAN SpA,038615035,E3A,2322,https://api.aifa.gov.it/aifa-bdf-eif-be/1.0.0/organizzazione/2322/farmaci/38615/stampati?ts=RCP
Venlafaxina,VENLAFAXINA 75MG 14 UNITA' USO ORALE RP,VENLAFAXINA*14 cps 75 mg rilascio prolungato,AUROBINDO PHARMA ITALIA Srl,041691181,E3A,3199,https://api.aifa.gov.it/aifa-bdf-eif-be/1.0.0/organizzazione/3199/farmaci/41691/stampati?ts=RCP
Venlafaxina,VENLAFAXINA 75MG 14 UNITA' USO ORALE RP,VENLAFAXINA*14 cps 75 mg rilascio prolungato,EG SpA,044970200,E3A,1561,https://api.aifa.gov.it/aifa-bdf-eif-be/1.0.0/organizzazione/1561/farmaci/44970/stampati?ts=RCP
Venlafaxina,VENLAFAXINA 75MG 14 UNITA' USO ORALE RP,VENLAFAXINA*14 cps 75 mg rilascio prolungato,SANDOZ SpA,045555036,E3A,1392,https://api.aifa.gov.it/aifa-bdf-eif-be/1.0.0/organizzazione/1392/farmaci/45555/stampati?ts=RCP
Venlafaxina,VENLAFAXINA 75MG 14 UNITA' USO ORALE RP,EFEXOR*14 cps 75 mg rilascio prolungato,GMM FARMA Srl,047387016,E3A,3817,https://api.aifa.gov.it/aifa-bdf-eif-be/1.0.0/organizzazione/3817/farmaci/47387/stampati?ts=RCP
Venlafaxina,VENLAFAXINA 75MG 14 UNITA' USO ORALE RP,EFEXOR*14 cps 75 mg rilascio prolungato,MEDIFARM Srl,048371013,E3A,2806,https://api.aifa.gov.it/aifa-bdf-eif-be/1.0.0/organizzazione/2806/farmaci/48371/stampati?ts=RCP
Venlafaxina,VENLAFAXINA 75MG 14 UNITA' USO ORALE RP,EFEXOR*14 cps 75 mg rilascio prolungato,FARMA 1000 Srl,049548011,E3A,2696,https://api.aifa.gov.it/aifa-bdf-eif-be/1.0.0/organizzazione/2696/farmaci/49548/stampati?ts=RCP
Venlafaxina,VENLAFAXINA 75MG 14 UNITA' USO ORALE RP,EFEXOR*14 cps 75 mg rilascio prolungato,PROGRAMMI SANIT.INTEGRATI Srl,049839018,E3A,1332,https://api.aifa.gov.it/aifa-bdf-eif-be/1.0.0/organizzazione/1332/farmaci/49839/stampati?ts=RCP
Venlafaxina,VENLAFAXINA 75MG 14 UNITA' USO ORALE RP,EFEXOR*14 cps 75 mg rilascio prolungato,NEW PHARMASHOP Srl,050027010,E3A,3810,https://api.aifa.gov.it/aifa-bdf-eif-be/1.0.0/organizzazione/3810/farmaci/50027/stampati?ts=RCP
Venlafaxina,VENLAFAXINA 75MG 14 UNITA' USO ORALE RP,EFEXOR*14 cps 75 mg rilascio prolungato,BB FARMA Srl,050275015,E3A,2937,https://api.aifa.gov.it/aifa-bdf-eif-be/1.0.0/organizzazione/2937/farmaci/50275/stampati?ts=RCP
Venlafaxina,VENLAFAXINA 150MG 10 UNITA' USO ORALE RP,EFEXOR*10 cps 150 mg rilascio prolungato,VIATRIS PHARMA Srl,028831067,E3B,4995,https://api.aifa.gov.it/aifa-bdf-eif-be/1.0.0/organizzazione/4995/farmaci/28831/stampati?ts=RCP
Venlafaxina,VENLAFAXINA 150MG 10 UNITA' USO ORALE RP,VENLAFAXINA*10 cps 150 mg rilascio prolungato,VIATRIS PHARMA Srl,028834063,E3B,4995,https://api.aifa.gov.it/aifa-bdf-eif-be/1.0.0/organizzazione/4995/farmaci/28834/stampati?ts=RCP
Venlafaxina,VENLAFAXINA 150MG 10 UNITA' USO ORALE RP,VENLAFAXINA*10 cps 150 mg rilascio prolungato,ZENTIVA ITALIA Srl,037881277,E3B,8043,https://api.aifa.gov.it/aifa-bdf-eif-be/1.0.0/organizzazione/8043/farmaci/37881/stampati?ts=RCP
Venlafaxina,VENLAFAXINA 150MG 10 UNITA' USO ORALE RP,ZARELIS*10 cpr 150 mg rilascio prolungato,ITALFARMACO SpA,038316218,E3B,68,https://api.aifa.gov.it/aifa-bdf-eif-be/1.0.0/organizzazione/68/farmaci/38316/stampati?ts=RCP
Venlafaxina,VENLAFAXINA 150MG 10 UNITA' USO ORALE RP,VENLAFAXINA*10 cps 150 mg rilascio modificato,LABORATORI ALTER Srl,038465074,E3B,2753,https://api.aifa.gov.it/aifa-bdf-eif-be/1.0.0/organizzazione/2753/farmaci/38465/stampati?ts=RCP
Venlafaxina,VENLAFAXINA 150MG 10 UNITA' USO ORALE RP,VENLAFAXINA*10 cps 150 mg rilascio prolungato,DOC GENERICI Srl,038466138,E3B,898,https://api.aifa.gov.it/aifa-bdf-eif-be/1.0.0/organizzazione/898/farmaci/38466/stampati?ts=RCP
Venlafaxina,VENLAFAXINA 150MG 10 UNITA' USO ORALE RP,VENLAFAXINA*10 cps 150 mg rilascio prolungato,KRKA D.D.NOVO MESTO,038499190,E3B,1896,https://api.aifa.gov.it/aifa-bdf-eif-be/1.0.0/organizzazione/1896/farmaci/38499/stampati?ts=RCP
Venlafaxina,VENLAFAXINA 150MG 10 UNITA' USO ORALE RP,VENLAFAXINA*10 cps 150 mg rilascio prolungato,TEVA ITALIA Srl,038500195,E3B,813,https://api.aifa.gov.it/aifa-bdf-eif-be/1.0.0/organizzazione/813/farmaci/38500/stampati?ts=RCP
Venlafaxina,VENLAFAXINA 150MG 10 UNITA' USO ORALE RP,VENLAFAXINA*10 cps 150 mg rilascio prolungato,MYLAN SpA,038615163,E3B,2322,https://api.aifa.gov.it/aifa-bdf-eif-be/1.0.0/organizzazione/2322/farmaci/38615/stampati?ts=RCP
Venlafaxina,VENLAFAXINA 150MG 10 UNITA' USO ORALE RP,VENLAFAXINA*10 cps 150 mg rilascio prolungato,AUROBINDO PHARMA ITALIA Srl,041691320,E3B,3199,https://api.aifa.gov.it/aifa-bdf-eif-be/1.0.0/organizzazione/3199/farmaci/41691/stampati?ts=RCP
Venlafaxina,VENLAFAXINA 150MG 10 UNITA' USO ORALE RP,VENLAFAXINA*10 cps 150 mg rilascio prolungato,EG SpA,044970313,E3B,1561,https://api.aifa.gov.it/aifa-bdf-eif-be/1.0.0/organizzazione/1561/farmaci/44970/stampati?ts=RCP
Venlafaxina,VENLAFAXINA 150MG 10 UNITA' USO ORALE RP,VENLAFAXINA*10 cps 150 mg rilascio prolungato,SANDOZ SpA,045555048,E3B,1392,https://api.aifa.gov.it/aifa-bdf-eif-be/1.0.0/organizzazione/1392/farmaci/45555/stampati?ts=RCP
Venlafaxina,VENLAFAXINA 150MG 10 UNITA' USO ORALE RP,EFEXOR*10 cps 150 mg rilascio prolungato,MEDIFARM Srl,048371025,E3B,2806,https://api.aifa.gov.it/aifa-bdf-eif-be/1.0.0/organizzazione/2806/farmaci/48371/stampati?ts=RCP
Venlafaxina,VENLAFAXINA 150MG 10 UNITA' USO ORALE RP,EFEXOR*10 cps 150 mg rilascio prolungato,FARMA 1000 Srl,049548023,E3B,2696,https://api.aifa.gov.it/aifa-bdf-eif-be/1.0.0/organizzazione/2696/farmaci/49548/stampati?ts=RCP
Venlafaxina,VENLAFAXINA 150MG 10 UNITA' USO ORALE RP,EFEXOR*10 cps 150 mg rilascio prolungato,BB FARMA Srl,050275027,E3B,2937,https://api.aifa.gov.it/aifa-bdf-eif-be/1.0.0/organizzazione/2937/farmaci/50275/stampati?ts=RCP
Venlafaxina,"VENLAFAXINA 37,5MG 28 UNITA' USO ORALE RP","EFEXOR*28 cps 37,5 mg rilascio prolungato",VIATRIS PHARMA Srl,028831129,E3C,4995,https://api.aifa.gov.it/aifa-bdf-eif-be/1.0.0/organizzazione/4995/farmaci/28831/stampati?ts=RCP
Venlafaxina,"VENLAFAXINA 37,5MG 28 UNITA' USO ORALE RP","VENLAFAXINA*28 cps 37,5 mg rilascio prolungato",ZENTIVA ITALIA Srl,037881024,E3C,8043,https://api.aifa.gov.it/aifa-bdf-eif-be/1.0.0/organizzazione/8043/farmaci/37881/stampati?ts=RCP
Venlafaxina,"VENLAFAXINA 37,5MG 28 UNITA' USO ORALE RP","ZARELIS*28 cpr 37,5 mg rilascio prolungato",ITALFARMACO SpA,038316648,E3C,68,https://api.aifa.gov.it/aifa-bdf-eif-be/1.0.0/organizzazione/68/farmaci/38316/stampati?ts=RCP
Venlafaxina,"VENLAFAXINA 37,5MG 28 UNITA' USO ORALE RP","VENLAFAXINA*28 cps 37,5 mg rilascio prolungato",DOC GENERICI Srl,038466037,E3C,898,https://api.aifa.gov.it/aifa-bdf-eif-be/1.0.0/organizzazione/898/farmaci/38466/stampati?ts=RCP
Venlafaxina,"VENLAFAXINA 37,5MG 28 UNITA' USO ORALE RP","VENLAFAXINA*28 cps 37,5 mg rilascio prolungato",KRKA D.D.NOVO MESTO,038499048,E3C,1896,https://api.aifa.gov.it/aifa-bdf-eif-be/1.0.0/organizzazione/1896/farmaci/38499/stampati?ts=RCP
Venlafaxina,"VENLAFAXINA 37,5MG 28 UNITA' USO ORALE RP","VENLAFAXINA*28 cps 37,5 mg rilascio prolungato",TEVA ITALIA Srl,038500043,E3C,813,https://api.aifa.gov.it/aifa-bdf-eif-be/1.0.0/organizzazione/813/farmaci/38500/stampati?ts=RCP
Venlafaxina,"VENLAFAXINA 37,5MG 28 UNITA' USO ORALE RP","VENLAFAXINA*28 cps 37,5 mg rilascio prolungato",AUROBINDO PHARMA ITALIA Srl,041691054,E3C,3199,https://api.aifa.gov.it/aifa-bdf-eif-be/1.0.0/organizzazione/3199/farmaci/41691/stampati?ts=RCP
Venlafaxina,"VENLAFAXINA 37,5MG 28 UNITA' USO ORALE RP","VENLAFAXINA*28 cps 37,5 mg rilascio prolungato",EG SpA,044970109,E3C,1561,https://api.aifa.gov.it/aifa-bdf-eif-be/1.0.0/organizzazione/1561/farmaci/44970/stampati?ts=RCP
Venlafaxina,"VENLAFAXINA 37,5MG 28 UNITA' USO ORALE RP","VENLAFAXINA*28 cps 37,5 mg rilascio prolungato",SANDOZ SpA,045555024,E3C,1392,https://api.aifa.gov.it/aifa-bdf-eif-be/1.0.0/organizzazione/1392/farmaci/45555/stampati?ts=RCP
Venlafaxina,"VENLAFAXINA 37,5MG 28 UNITA' USO ORALE RP","VENLAFAXINA*28 cps 37,5 mg rilascio prolungato",TEVA B.V.,050040043,E3C,4046,https://api.aifa.gov.it/aifa-bdf-eif-be/1.0.0/organizzazione/4046/farmaci/50040/stampati?ts=RCP
Venlafaxina,"VENLAFAXINA 37,5MG 7 UNITA' USO ORALE RP","EFEXOR*7 cps 37,5 mg rilascio prolungato",VIATRIS PHARMA Srl,028831131,E3E,4995,https://api.aifa.gov.it/aifa-bdf-eif-be/1.0.0/organizzazione/4995/farmaci/28831/stampati?ts=RCP
Venlafaxina,VENLAFAXINA 225MG 14 UNITA' USO ORALE RP,ZARELIS*14 cpr 225 mg rilascio prolungato,ITALFARMACO SpA,038316422,E3F,68,https://api.aifa.gov.it/aifa-bdf-eif-be/1.0.0/organizzazione/68/farmaci/38316/stampati?ts=RCP
Venlafaxina,VENLAFAXINA 225MG 14 UNITA' USO ORALE RP,VENLAFAXINA*14 cps 225 mg rilascio prolungato,EG SpA,044970440,E3F,1561,https://api.aifa.gov.it/aifa-bdf-eif-be/1.0.0/organizzazione/1561/farmaci/44970/stampati?ts=RCP
Venlafaxina,VENLAFAXINA 4.500MG 60ML USO ORALE,ZAREDROP*orale soluz flacone 60 ml 75 mg/ml + siringa,ITALFARMACO SpA,040745010,E3G,68,https://api.aifa.gov.it/aifa-bdf-eif-be/1.0.0/organizzazione/68/farmaci/40745/stampati?ts=RCP
Venlafaxina,VENLAFAXINA 75MG 28 UNITA' USO ORALE RP,VENLAFAXINA*28 cps 75 mg rilascio modificato,LABORATORI ALTER Srl,038465011,KQS,2753,https://api.aifa.gov.it/aifa-bdf-eif-be/1.0.0/organizzazione/2753/farmaci/38465/stampati?ts=RCP
Venlafaxina,VENLAFAXINA 75MG 28 UNITA' USO ORALE RP,VENLAFAXINA*28 cps 75 mg rilascio prolungato,DOC GENERICI Srl,038466088,KQS,898,https://api.aifa.gov.it/aifa-bdf-eif-be/1.0.0/organizzazione/898/farmaci/38466/stampati?ts=RCP
Venlafaxina,VENLAFAXINA 75MG 28 UNITA' USO ORALE RP,VENLAFAXINA*28 cps 75 mg rilascio prolungato,KRKA D.D.NOVO MESTO,038499137,KQS,1896,https://api.aifa.gov.it/aifa-bdf-eif-be/1.0.0/organizzazione/1896/farmaci/38499/stampati?ts=RCP
Venlafaxina,VENLAFAXINA 75MG 28 UNITA' USO ORALE RP,VENLAFAXINA*28 cps 75 mg rilascio prolungato,TEVA ITALIA Srl,038500132,KQS,813,https://api.aifa.gov.it/aifa-bdf-eif-be/1.0.0/organizzazione/813/farmaci/38500/stampati?ts=RCP
Venlafaxina,VENLAFAXINA 75MG 28 UNITA' USO ORALE RP,VENLAFAXINA*28 cps 75 mg rilascio prolungato,MYLAN SpA,038615062,KQS,2322,https://api.aifa.gov.it/aifa-bdf-eif-be/1.0.0/organizzazione/2322/farmaci/38615/stampati?ts=RCP
Venlafaxina,VENLAFAXINA 75MG 28 UNITA' USO ORALE RP,VENLAFAXINA*28 cps 75 mg rilascio prolungato,AUROBINDO PHARMA ITALIA Srl,041691205,KQS,3199,https://api.aifa.gov.it/aifa-bdf-eif-be/1.0.0/organizzazione/3199/farmaci/41691/stampati?ts=RCP
Venlafaxina,VENLAFAXINA 75MG 28 UNITA' USO ORALE RP,VENLAFAXINA*28 cps 75 mg rilascio prolungato,EG SpA,044970566,KQS,1561,https://api.aifa.gov.it/aifa-bdf-eif-be/1.0.0/organizzazione/1561/farmaci/44970/stampati?ts=RCP
Venlafaxina,VENLAFAXINA 75MG 28 UNITA' USO ORALE RP,VENLAFAXINA*28 cps 75 mg rilascio prolungato,SANDOZ SpA,045555063,KQS,1392,https://api.aifa.gov.it/aifa-bdf-eif-be/1.0.0/organizzazione/1392/farmaci/45555/stampati?ts=RCP
Venlafaxina,VENLAFAXINA 75MG 28 UNITA' USO ORALE RP,VENLAFAXINA*28 cps 75 mg rilascio prolungato,TEVA B.V.,050040132,KQS,4046,https://api.aifa.gov.it/aifa-bdf-eif-be/1.0.0/organizzazione/4046/farmaci/50040/stampati?ts=RCP
Venlafaxina,VENLAFAXINA 150MG 28 UNITA' USO ORALE RP,VENLAFAXINA*28 cps 150 mg rilascio modificato,LABORATORI ALTER Srl,038465035,KQT,2753,https://api.aifa.gov.it/aifa-bdf-eif-be/1.0.0/organizzazione/2753/farmaci/38465/stampati?ts=RCP
Venlafaxina,VENLAFAXINA 150MG 28 UNITA' USO ORALE RP,VENLAFAXINA*28 cps 150 mg rilascio prolungato,KRKA D.D.NOVO MESTO,038499226,KQT,1896,https://api.aifa.gov.it/aifa-bdf-eif-be/1.0.0/organizzazione/1896/farmaci/38499/stampati?ts=RCP
Venlafaxina,VENLAFAXINA 150MG 28 UNITA' USO ORALE RP,VENLAFAXINA*28 cps 150 mg rilascio prolungato,TEVA ITALIA Srl,038500221,KQT,813,https://api.aifa.gov.it/aifa-bdf-eif-be/1.0.0/organizzazione/813/farmaci/38500/stampati?ts=RCP
Venlafaxina,VENLAFAXINA 150MG 28 UNITA' USO ORALE RP,VENLAFAXINA*28 cps 150 mg rilascio prolungato,EG SpA,044970580,KQT,1561,https://api.aifa.gov.it/aifa-bdf-eif-be/1.0.0/organizzazione/1561/farmaci/44970/stampati?ts=RCP
Venlafaxina,VENLAFAXINA 150MG 28 UNITA' USO ORALE RP,VENLAFAXINA*28 cps 150 mg rilascio prolungato,SANDOZ SpA,045555075,KQT,1392,https://api.aifa.gov.it/aifa-bdf-eif-be/1.0.0/organizzazione/1392/farmaci/45555/stampati?ts=RCP
Venlafaxina,VENLAFAXINA 150MG 28 UNITA' USO ORALE RP,VENLAFAXINA*28 cps 150 mg rilascio prolungato,TEVA B.V.,050040221,KQT,4046,https://api.aifa.gov.it/aifa-bdf-eif-be/1.0.0/organizzazione/4046/farmaci/50040/stampati?ts=RCP
Venlafaxina,VENLAFAXINA 150MG 30 UNITA' USO ORALE RP,VENLAFAXINA*30 cps 150 mg rilascio prolungato,DOC GENERICI Srl,038466153,KWJ,898,https://api.aifa.gov.it/aifa-bdf-eif-be/1.0.0/organizzazione/898/farmaci/38466/stampati?ts=RCP
Venlafaxina,VENLAFAXINA 150MG 30 UNITA' USO ORALE RP,VENLAFAXINA*30 cps 150 mg rilascio prolungato,MYLAN SpA,038615213,KWJ,2322,https://api.aifa.gov.it/aifa-bdf-eif-be/1.0.0/organizzazione/2322/farmaci/38615/stampati?ts=RCP
Venlafaxina,VENLAFAXINA 150MG 30 UNITA' USO ORALE RP,VENLAFAXINA*30 cps 150 mg rilascio prolungato,AUROBINDO PHARMA ITALIA Srl,041691369,KWJ,3199,https://api.aifa.gov.it/aifa-bdf-eif-be/1.0.0/organizzazione/3199/farmaci/41691/stampati?ts=RCP
Venlafaxina,VENLAFAXINA 300MG 30 UNITA' USO ORALE,ZARELIS*30 cpr 300 mg rilascio prolungato,ITALFARMACO SpA,038316853,MMG,68,https://api.aifa.gov.it/aifa-bdf-eif-be/1.0.0/organizzazione/68/farmaci/38316/stampati?ts=RCP
Verapamil,VERAPAMIL 120MG 30 UNITA' USO ORALE RP,ISOPTIN*30 cpr 120 mg rilascio prolungato,VIATRIS ITALIA Srl,020609044,13A,4157,https://api.aifa.gov.it/aifa-bdf-eif-be/1.0.0/organizzazione/4157/farmaci/20609/stampati?ts=RCP
Verapamil,VERAPAMIL 120MG 30 UNITA' USO ORALE RP,VERAPAMIL*30 cpr riv 120 mg rilascio prolungato,SANDOZ SpA,031228024,13A,1392,https://api.aifa.gov.it/aifa-bdf-eif-be/1.0.0/organizzazione/1392/farmaci/31228/stampati?ts=RCP
Verapamil,VERAPAMIL 120MG 30 UNITA' USO ORALE RP,VERAPAMIL*30 cpr 120 mg rilascio modificato,EG SpA,032100024,13A,1561,https://api.aifa.gov.it/aifa-bdf-eif-be/1.0.0/organizzazione/1561/farmaci/32100/stampati?ts=RCP
Verapamil,VERAPAMIL 120MG 30 UNITA' USO ORALE RP,VERAPAMIL*30 cps 120 mg rilascio prolungato,DOC GENERICI Srl,034255036,13A,898,https://api.aifa.gov.it/aifa-bdf-eif-be/1.0.0/organizzazione/898/farmaci/34255/stampati?ts=RCP
Verapamil,VERAPAMIL 240MG 30 UNITA' USO ORALE RP,ISOPTIN*30 cpr 240 mg rilascio prolungato,VIATRIS ITALIA Srl,020609069,13B,4157,https://api.aifa.gov.it/aifa-bdf-eif-be/1.0.0/organizzazione/4157/farmaci/20609/stampati?ts=RCP
Verapamil,VERAPAMIL 240MG 30 UNITA' USO ORALE RP,VERAPAMIL*30 cpr 240 mg rilascio modificato,EG SpA,032100036,13B,1561,https://api.aifa.gov.it/aifa-bdf-eif-be/1.0.0/organizzazione/1561/farmaci/32100/stampati?ts=RCP
Verapamil,VERAPAMIL 240MG 30 UNITA' USO ORALE RP,VERAPAMIL*30 cps 240 mg rilascio prolungato,DOC GENERICI Srl,034255048,13B,898,https://api.aifa.gov.it/aifa-bdf-eif-be/1.0.0/organizzazione/898/farmaci/34255/stampati?ts=RCP
Verapamil,VERAPAMIL 80MG 30 UNITA' USO ORALE,ISOPTIN*30 cpr riv 80 mg,VIATRIS ITALIA Srl,020609083,13C,4157,https://api.aifa.gov.it/aifa-bdf-eif-be/1.0.0/organizzazione/4157/farmaci/20609/stampati?ts=RCP
Verapamil,VERAPAMIL 80MG 30 UNITA' USO ORALE,VERAPAMIL*30 cpr riv 80 mg,SANDOZ SpA,031228012,13C,1392,https://api.aifa.gov.it/aifa-bdf-eif-be/1.0.0/organizzazione/1392/farmaci/31228/stampati?ts=RCP
Verapamil,VERAPAMIL 40MG 30 UNITA' USO ORALE,ISOPTIN*30 cpr riv 40 mg,VIATRIS ITALIA Srl,020609018,13D,4157,https://api.aifa.gov.it/aifa-bdf-eif-be/1.0.0/organizzazione/4157/farmaci/20609/stampati?ts=RCP
Verapamil,VERAPAMIL 180MG 30 UNITA' USO ORALE RP,ISOPTIN*30 cpr 180 mg rilascio prolungato,VIATRIS ITALIA Srl,020609095,13E,4157,https://api.aifa.gov.it/aifa-bdf-eif-be/1.0.0/organizzazione/4157/farmaci/20609/stampati?ts=RCP
Verapamil,VERAPAMIL 5MG 5 UNITA' USO PARENTERALE,ISOPTIN*5 fiale EV 5 mg 2 ml,VIATRIS ITALIA Srl,020609071,13F,4157,https://api.aifa.gov.it/aifa-bdf-eif-be/1.0.0/organizzazione/4157/farmaci/20609/stampati?ts=RCP
Vericiguat,"VERICIGUAT 2,5MG 14 UNITA' USO ORALE","VERQUVO*14 cpr riv 2,5 mg",BAYER AG,049614011,LUD,689,https://api.aifa.gov.it/aifa-bdf-eif-be/1.0.0/organizzazione/689/farmaci/49614/stampati?ts=RCP
Vericiguat,VERICIGUAT 5MG 14 UNITA' USO ORALE,VERQUVO*14 cpr riv 5 mg,BAYER AG,049614124,LUE,689,https://api.aifa.gov.it/aifa-bdf-eif-be/1.0.0/organizzazione/689/farmaci/49614/stampati?ts=RCP
Vericiguat,VERICIGUAT 10MG 28 UNITA' USO ORALE,VERQUVO*28 cpr riv 10 mg,BAYER AG,049614249,LUF,689,https://api.aifa.gov.it/aifa-bdf-eif-be/1.0.0/organizzazione/689/farmaci/49614/stampati?ts=RCP
Vigabatrin,VIGABATRIN 500MG 50 UNITA' USO ORALE,SABRIL*50 cpr riv 500 mg,SANOFI Srl,027443011,TAA,8055,https://api.aifa.gov.it/aifa-bdf-eif-be/1.0.0/organizzazione/8055/farmaci/27443/stampati?ts=RCP
Vigabatrin,VIGABATRIN 500MG 50 UNITA' USO ORALE,SABRIL*orale grat 50 bust 500 mg,SANOFI Srl,027443047,TAA,8055,https://api.aifa.gov.it/aifa-bdf-eif-be/1.0.0/organizzazione/8055/farmaci/27443/stampati?ts=RCP
Vilanterolo/umeclidinio/fluticasone,FLUTICASONE+UMECLIDINIO+VILANTEROLO 92+55+22MCG 30 DOSI USO INALATORIO,ELEBRATO ELLIPTA*polv inal 30 dosi 92 mcg + 55 mcg + 22 mcg,GLAXOSMITHKLINE TRAD.SERV.LTD,045789029,KPM,3438,https://api.aifa.gov.it/aifa-bdf-eif-be/1.0.0/organizzazione/3438/farmaci/45789/stampati?ts=RCP
Vilanterolo/umeclidinio/fluticasone,FLUTICASONE+UMECLIDINIO+VILANTEROLO 92+55+22MCG 30 DOSI USO INALATORIO,TRELEGY ELLIPTA*polv inal 30 dosi 92 mcg + 55 mcg + 22 mcg,GLAXOSMITHKLINE TRAD.SERV.LTD,045790021,KPM,3438,https://api.aifa.gov.it/aifa-bdf-eif-be/1.0.0/organizzazione/3438/farmaci/45790/stampati?ts=RCP
Vildagliptin,VILDAGLIPTIN 50MG 56 UNITA' USO ORALE,GALVUS*56 cpr 50 mg,NOVARTIS EUROPHARM LTD,038144059,TBA,4789,https://api.aifa.gov.it/aifa-bdf-eif-be/1.0.0/organizzazione/4789/farmaci/38144/stampati?ts=RCP
Vildagliptin,VILDAGLIPTIN 50MG 56 UNITA' USO ORALE,VILDAGLIPTIN*56 cpr riv 50 mg,SANDOZ SpA,044763050,TBA,1392,https://api.aifa.gov.it/aifa-bdf-eif-be/1.0.0/organizzazione/1392/farmaci/44763/stampati?ts=RCP
Vildagliptin,VILDAGLIPTIN 50MG 56 UNITA' USO ORALE,VILDAGLIPTIN*56 cpr 50 mg,KRKA D.D.NOVO MESTO,045209044,TBA,1896,https://api.aifa.gov.it/aifa-bdf-eif-be/1.0.0/organizzazione/1896/farmaci/45209/stampati?ts=RCP
Vildagliptin,VILDAGLIPTIN 50MG 56 UNITA' USO ORALE,VILDAGLIPTIN*56 cpr 50 mg,TEVA B.V.,045976065,TBA,4046,https://api.aifa.gov.it/aifa-bdf-eif-be/1.0.0/organizzazione/4046/farmaci/45976/stampati?ts=RCP
Vildagliptin,VILDAGLIPTIN 50MG 56 UNITA' USO ORALE,VILDAGLIPTIN*56 cpr 50 mg,AUROBINDO PHARMA ITALIA Srl,047317021,TBA,3199,https://api.aifa.gov.it/aifa-bdf-eif-be/1.0.0/organizzazione/3199/farmaci/47317/stampati?ts=RCP
Vildagliptin,VILDAGLIPTIN 50MG 56 UNITA' USO ORALE,VILDAGLIPTIN*56 cpr 50 mg,ACCORD HEALTHCARE SLU,047877042,TBA,4852,https://api.aifa.gov.it/aifa-bdf-eif-be/1.0.0/organizzazione/4852/farmaci/47877/stampati?ts=RCP
Vildagliptin,VILDAGLIPTIN 50MG 56 UNITA' USO ORALE,VILDAGLIPTIN*56 cpr 50 mg,EG SpA,047916135,TBA,1561,https://api.aifa.gov.it/aifa-bdf-eif-be/1.0.0/organizzazione/1561/farmaci/47916/stampati?ts=RCP
Vildagliptin,VILDAGLIPTIN 50MG 56 UNITA' USO ORALE,VILDAGLIPTIN*56 cpr 50 mg,MYLAN SpA,048318051,TBA,2322,https://api.aifa.gov.it/aifa-bdf-eif-be/1.0.0/organizzazione/2322/farmaci/48318/stampati?ts=RCP
Vildagliptin,VILDAGLIPTIN 50MG 56 UNITA' USO ORALE,VILDAGLIPTIN*56 cpr 50 mg,DOC GENERICI Srl,048636029,TBA,898,https://api.aifa.gov.it/aifa-bdf-eif-be/1.0.0/organizzazione/898/farmaci/48636/stampati?ts=RCP
Vildagliptin,VILDAGLIPTIN 50MG 56 UNITA' USO ORALE,VILDAGLIPTIN*56 cpr 50 mg,TOWA PHARMACEUTICAL SpA,048948032,TBA,3018,https://api.aifa.gov.it/aifa-bdf-eif-be/1.0.0/organizzazione/3018/farmaci/48948/stampati?ts=RCP
Vildagliptin/metformina,VILDAGLIPTIN+METFORMINA 50+1.000MG 60 UNITA' USO ORALE,EUCREAS*60 cpr riv 50 mg + 1.000 mg,NOVARTIS EUROPHARM LTD,038252096,TCA,4789,https://api.aifa.gov.it/aifa-bdf-eif-be/1.0.0/organizzazione/4789/farmaci/38252/stampati?ts=RCP
Vildagliptin/metformina,VILDAGLIPTIN+METFORMINA 50+1.000MG 60 UNITA' USO ORALE,VILDAGLIPTIN E METFORMINA*60 cpr riv 50 mg + 1.000 mg,SANDOZ SpA,045374194,TCA,1392,https://api.aifa.gov.it/aifa-bdf-eif-be/1.0.0/organizzazione/1392/farmaci/45374/stampati?ts=RCP
Vildagliptin/metformina,VILDAGLIPTIN+METFORMINA 50+1.000MG 60 UNITA' USO ORALE,VILDAGLIPTIN E METFORMINA*2x30 cpr riv 50 mg + 1.000 mg,TEVA B.V.,045714146,TCA,4046,https://api.aifa.gov.it/aifa-bdf-eif-be/1.0.0/organizzazione/4046/farmaci/45714/stampati?ts=RCP
Vildagliptin/metformina,VILDAGLIPTIN+METFORMINA 50+1.000MG 60 UNITA' USO ORALE,VILDAGLIPTIN E METFORMINA*60 cpr riv 50 mg + 1.000 mg,KRKA D.D.NOVO MESTO,048311082,TCA,1896,https://api.aifa.gov.it/aifa-bdf-eif-be/1.0.0/organizzazione/1896/farmaci/48311/stampati?ts=RCP
Vildagliptin/metformina,VILDAGLIPTIN+METFORMINA 50+1.000MG 60 UNITA' USO ORALE,VILDAGLIPTIN E METFORMINA*60 cpr riv 50 mg + 1.000 mg,DOC GENERICI Srl,048496020,TCA,898,https://api.aifa.gov.it/aifa-bdf-eif-be/1.0.0/organizzazione/898/farmaci/48496/stampati?ts=RCP
Vildagliptin/metformina,VILDAGLIPTIN+METFORMINA 50+1.000MG 60 UNITA' USO ORALE,VILDAGLIPTIN E METFORMINA*60 cpr riv 50 mg + 1.000 mg,TOWA PHARMACEUTICAL SpA,048949046,TCA,3018,https://api.aifa.gov.it/aifa-bdf-eif-be/1.0.0/organizzazione/3018/farmaci/48949/stampati?ts=RCP
Vildagliptin/metformina,VILDAGLIPTIN+METFORMINA 50+1.000MG 60 UNITA' USO ORALE,VILDAGLIPTIN E METFORMINA*60 cpr riv 50 mg + 1.000 mg,AUROBINDO PHARMA ITALIA Srl,049236033,TCA,3199,https://api.aifa.gov.it/aifa-bdf-eif-be/1.0.0/organizzazione/3199/farmaci/49236/stampati?ts=RCP
Vildagliptin/metformina,VILDAGLIPTIN+METFORMINA 50+1.000MG 60 UNITA' USO ORALE,VILDAGLIPTIN E METFORMINA*60x1 cpr riv 50 mg + 1.000 mg,EG SpA,049662188,TCA,1561,https://api.aifa.gov.it/aifa-bdf-eif-be/1.0.0/organizzazione/1561/farmaci/49662/stampati?ts=RCP
Vildagliptin/metformina,VILDAGLIPTIN+METFORMINA 50+1.000MG 60 UNITA' USO ORALE,VILDAGLIPTIN E METFORMINA*60 cpr riv 50 mg + 1.000 mg,ZENTIVA ITALIA Srl,049764246,TCA,8043,https://api.aifa.gov.it/aifa-bdf-eif-be/1.0.0/organizzazione/8043/farmaci/49764/stampati?ts=RCP
Vildagliptin/metformina,VILDAGLIPTIN+METFORMINA 50+1.000MG 60 UNITA' USO ORALE,VILDAGLIPTIN METFORMINA CLORIDRATO*60 cpr riv 50 mg + 1.000 mg,ACCORD HEALTHCARE SLU,050033048,TCA,4852,https://api.aifa.gov.it/aifa-bdf-eif-be/1.0.0/organizzazione/4852/farmaci/50033/stampati?ts=RCP
Vildagliptin/metformina,VILDAGLIPTIN+METFORMINA 50+850MG 60 UNITA' USO ORALE,EUCREAS*60 cpr riv 50 mg + 850 mg,NOVARTIS EUROPHARM LTD,038252033,TCB,4789,https://api.aifa.gov.it/aifa-bdf-eif-be/1.0.0/organizzazione/4789/farmaci/38252/stampati?ts=RCP
Vildagliptin/metformina,VILDAGLIPTIN+METFORMINA 50+850MG 60 UNITA' USO ORALE,VILDAGLIPTIN E METFORMINA*60 cpr riv 50 mg + 850 mg,SANDOZ SpA,045374055,TCB,1392,https://api.aifa.gov.it/aifa-bdf-eif-be/1.0.0/organizzazione/1392/farmaci/45374/stampati?ts=RCP
Vildagliptin/metformina,VILDAGLIPTIN+METFORMINA 50+850MG 60 UNITA' USO ORALE,VILDAGLIPTIN E METFORMINA*2x30 cpr riv 50 mg + 850 mg,TEVA B.V.,045714134,TCB,4046,https://api.aifa.gov.it/aifa-bdf-eif-be/1.0.0/organizzazione/4046/farmaci/45714/stampati?ts=RCP
Vildagliptin/metformina,VILDAGLIPTIN+METFORMINA 50+850MG 60 UNITA' USO ORALE,VILDAGLIPTIN E METFORMINA*60 cpr riv 50 mg + 850 mg,KRKA D.D.NOVO MESTO,048311031,TCB,1896,https://api.aifa.gov.it/aifa-bdf-eif-be/1.0.0/organizzazione/1896/farmaci/48311/stampati?ts=RCP
Vildagliptin/metformina,VILDAGLIPTIN+METFORMINA 50+850MG 60 UNITA' USO ORALE,VILDAGLIPTIN E METFORMINA*60 cpr riv 50 mg + 850 mg,DOC GENERICI Srl,048496018,TCB,898,https://api.aifa.gov.it/aifa-bdf-eif-be/1.0.0/organizzazione/898/farmaci/48496/stampati?ts=RCP
Vildagliptin/metformina,VILDAGLIPTIN+METFORMINA 50+850MG 60 UNITA' USO ORALE,VILDAGLIPTIN E METFORMINA*60 cpr riv 50 mg + 850 mg,TOWA PHARMACEUTICAL SpA,048949022,TCB,3018,https://api.aifa.gov.it/aifa-bdf-eif-be/1.0.0/organizzazione/3018/farmaci/48949/stampati?ts=RCP
Vildagliptin/metformina,VILDAGLIPTIN+METFORMINA 50+850MG 60 UNITA' USO ORALE,VILDAGLIPTIN E METFORMINA*60 cpr riv 50 mg + 850 mg,AUROBINDO PHARMA ITALIA Srl,049236021,TCB,3199,https://api.aifa.gov.it/aifa-bdf-eif-be/1.0.0/organizzazione/3199/farmaci/49236/stampati?ts=RCP
Vildagliptin/metformina,VILDAGLIPTIN+METFORMINA 50+850MG 60 UNITA' USO ORALE,VILDAGLIPTIN E METFORMINA*60x1 cpr riv 50 mg + 850 mg,EG SpA,049662087,TCB,1561,https://api.aifa.gov.it/aifa-bdf-eif-be/1.0.0/organizzazione/1561/farmaci/49662/stampati?ts=RCP
Vildagliptin/metformina,VILDAGLIPTIN+METFORMINA 50+850MG 60 UNITA' USO ORALE,VILDAGLIPTIN E METFORMINA*60 cpr riv 50 mg + 850 mg,ZENTIVA ITALIA Srl,049764107,TCB,8043,https://api.aifa.gov.it/aifa-bdf-eif-be/1.0.0/organizzazione/8043/farmaci/49764/stampati?ts=RCP
Vildagliptin/metformina,VILDAGLIPTIN+METFORMINA 50+850MG 60 UNITA' USO ORALE,VILDAGLIPTIN METFORMINA CLORIDRATO*60 cpr riv 50 mg + 850 mg,ACCORD HEALTHCARE SLU,050033024,TCB,4852,https://api.aifa.gov.it/aifa-bdf-eif-be/1.0.0/organizzazione/4852/farmaci/50033/stampati?ts=RCP
Vinorelbina,VINORELBINA 20MG 1 UNITA' USO ORALE,NAVELBINE*1 cps molli 20 mg,PIERRE FABRE PHARMA Srl,027865106,BSR,30,https://api.aifa.gov.it/aifa-bdf-eif-be/1.0.0/organizzazione/30/farmaci/27865/stampati?ts=RCP
Vinorelbina,VINORELBINA 20MG 1 UNITA' USO ORALE,VINORELBINA*1 cps molle 20 mg,DOC GENERICI Srl,046717017,BSR,898,https://api.aifa.gov.it/aifa-bdf-eif-be/1.0.0/organizzazione/898/farmaci/46717/stampati?ts=RCP
Vinorelbina,VINORELBINA 20MG 1 UNITA' USO ORALE,VINORELBINA*1 cps molle 20 mg,MEDAC GMBH,049928017,BSR,1233,https://api.aifa.gov.it/aifa-bdf-eif-be/1.0.0/organizzazione/1233/farmaci/49928/stampati?ts=RCP
Vinorelbina,VINORELBINA 30MG 1 UNITA' USO ORALE,NAVELBINE*1 cps molli 30 mg,PIERRE FABRE PHARMA Srl,027865118,BSS,30,https://api.aifa.gov.it/aifa-bdf-eif-be/1.0.0/organizzazione/30/farmaci/27865/stampati?ts=RCP
Vinorelbina,VINORELBINA 30MG 1 UNITA' USO ORALE,VINORELBINA*1 cps molle 30 mg,DOC GENERICI Srl,046717031,BSS,898,https://api.aifa.gov.it/aifa-bdf-eif-be/1.0.0/organizzazione/898/farmaci/46717/stampati?ts=RCP
Vinorelbina,VINORELBINA 30MG 1 UNITA' USO ORALE,VINORELBINA*1 cps molle 30 mg,MEDAC GMBH,049928031,BSS,1233,https://api.aifa.gov.it/aifa-bdf-eif-be/1.0.0/organizzazione/1233/farmaci/49928/stampati?ts=RCP
Voclosporina,"VOCLOSPORINA 7,9MG 180 UNITA' USO ORALE","LUPKYNIS*180 cps molli 7,9 mg",OTSUKA PHARMACEUT.NETHER.BV,050355015,MMO,4896,https://api.aifa.gov.it/aifa-bdf-eif-be/1.0.0/organizzazione/4896/farmaci/50355/stampati?ts=RCP
Voriconazolo,VORICONAZOLO 50MG 28 UNITA' USO ORALE,VFEND*28 cpr riv 50 mg,PFIZER EUROPE MA EEIG,035628320,BST,4849,https://api.aifa.gov.it/aifa-bdf-eif-be/1.0.0/organizzazione/4849/farmaci/35628/stampati?ts=RCP
Voriconazolo,VORICONAZOLO 50MG 28 UNITA' USO ORALE,VORICONAZOLO*28 cpr riv 50 mg,MYLAN SpA,042626022,BST,2322,https://api.aifa.gov.it/aifa-bdf-eif-be/1.0.0/organizzazione/2322/farmaci/42626/stampati?ts=RCP
Voriconazolo,VORICONAZOLO 50MG 28 UNITA' USO ORALE,VORICONAZOLO*28x1 cpr riv 50 mg,TEVA ITALIA Srl,042796159,BST,813,https://api.aifa.gov.it/aifa-bdf-eif-be/1.0.0/organizzazione/813/farmaci/42796/stampati?ts=RCP
Voriconazolo,VORICONAZOLO 50MG 28 UNITA' USO ORALE,VORICONAZOLO*28x1 cpr riv 50 mg,ACCORD HEALTHCARE SLU,042809210,BST,4852,https://api.aifa.gov.it/aifa-bdf-eif-be/1.0.0/organizzazione/4852/farmaci/42809/stampati?ts=RCP
Voriconazolo,VORICONAZOLO 200MG 28 UNITA' USO ORALE,VFEND*28 cpr riv 200 mg,PFIZER EUROPE MA EEIG,035628419,BSU,4849,https://api.aifa.gov.it/aifa-bdf-eif-be/1.0.0/organizzazione/4849/farmaci/35628/stampati?ts=RCP
Voriconazolo,VORICONAZOLO 200MG 28 UNITA' USO ORALE,VORICONAZOLO*28 cpr riv 200 mg,MYLAN SpA,042626147,BSU,2322,https://api.aifa.gov.it/aifa-bdf-eif-be/1.0.0/organizzazione/2322/farmaci/42626/stampati?ts=RCP
Voriconazolo,VORICONAZOLO 200MG 28 UNITA' USO ORALE,VORICONAZOLO*28 cpr riv 200 mg,SANDOZ SpA,042789228,BSU,1392,https://api.aifa.gov.it/aifa-bdf-eif-be/1.0.0/organizzazione/1392/farmaci/42789/stampati?ts=RCP
Voriconazolo,VORICONAZOLO 200MG 28 UNITA' USO ORALE,VORICONAZOLO*28x1 cpr riv 200 mg,TEVA ITALIA Srl,042796387,BSU,813,https://api.aifa.gov.it/aifa-bdf-eif-be/1.0.0/organizzazione/813/farmaci/42796/stampati?ts=RCP
Voriconazolo,VORICONAZOLO 200MG 28 UNITA' USO ORALE,VORICONAZOLO*28x1 cpr riv 200 mg,ACCORD HEALTHCARE SLU,042809273,BSU,4852,https://api.aifa.gov.it/aifa-bdf-eif-be/1.0.0/organizzazione/4852/farmaci/42809/stampati?ts=RCP
Voriconazolo,VORICONAZOLO 200MG 28 UNITA' USO ORALE,VORICONAZOLO*28 cpr riv 200 mg,AUROBINDO PHARMA ITALIA Srl,043930027,BSU,3199,https://api.aifa.gov.it/aifa-bdf-eif-be/1.0.0/organizzazione/3199/farmaci/43930/stampati?ts=RCP
Voriconazolo,VORICONAZOLO 40MG/ML 45G USO ORALE,VFEND*orale soluz 45 g 40 mg/ml,PFIZER EUROPE MA EEIG,035628268,BSV,4849,https://api.aifa.gov.it/aifa-bdf-eif-be/1.0.0/organizzazione/4849/farmaci/35628/stampati?ts=RCP
Vortioxetina,VORTIOXETINA 5MG 28 UNITA' USO ORALE,BRINTELLIX*28 cpr riv 5 mg,H.LUNDBECK A/S,043187020,HZD,911,https://api.aifa.gov.it/aifa-bdf-eif-be/1.0.0/organizzazione/911/farmaci/43187/stampati?ts=RCP
Vortioxetina,VORTIOXETINA 10MG 28 UNITA' USO ORALE,BRINTELLIX*28 cpr riv 10 mg,H.LUNDBECK A/S,043187107,HZE,911,https://api.aifa.gov.it/aifa-bdf-eif-be/1.0.0/organizzazione/911/farmaci/43187/stampati?ts=RCP
Vortioxetina,VORTIOXETINA 20MG/ML 15ML USO ORALE,BRINTELLIX*orale gtt 15 ml 20 mg/ml,H.LUNDBECK A/S,043187362,HZF,911,https://api.aifa.gov.it/aifa-bdf-eif-be/1.0.0/organizzazione/911/farmaci/43187/stampati?ts=RCP
Warfarin,WARFARIN 5MG 30 UNITA' USO ORALE,COUMADIN*30 cpr div 5 mg,TEOFARMA Srl,016366027,TDA,7046,https://api.aifa.gov.it/aifa-bdf-eif-be/1.0.0/organizzazione/7046/farmaci/16366/stampati?ts=RCP
Zinco acetato,ZINCO ACETATO 25MG 250 UNITA' USO ORALE,WILZIN*250 cps 25 mg flacone,RECORDATI RARE DISEASES SARL,036694014,BSX,1110,https://api.aifa.gov.it/aifa-bdf-eif-be/1.0.0/organizzazione/1110/farmaci/36694/stampati?ts=RCP