Principio Attivo,Descrizione Gruppo,Denominazione e Confezione,Titolare AIC,AIC,Codice Gruppo Equivalenza
Trientina,TRIENTINA 150MG 72 UNITA' USO ORALE,CUPRIOR*72 cpr riv 150 mg,ORPHALAN SA,045679014,KRT
Trientina,TRIENTINA 200MG 100 UNITA' USO ORALE,CUFENCE*100 cps 200 mg,UNIVAR SOLUTION BV,048105011,MAY
Trientina,TRIENTINA 200MG 100 UNITA' USO ORALE,TRIENTINA*100 cps 200 mg flacone,WAYMADE B.V.,050501016,MAY
Triesifenidile,TRIESIFENIDILE 2MG 50 UNITA' USO ORALE,ARTANE*50 cpr 2 mg,TEOFARMA Srl,003488057,T1A
Trifluoperazina,TRIFLUOPERAZINA 1MG 30 UNITA' USO ORALE,MODALINA*30 cpr riv 1 mg,SIT LABORATORIO FARMAC. Srl,019184050,T2A
Trifluoperazina,TRIFLUOPERAZINA 2MG 30 UNITA' USO ORALE,MODALINA*30 cpr riv 2 mg,SIT LABORATORIO FARMAC. Srl,019184062,T2B
Trifluridina/Tipiracil,"TRIFLURIDINA+TIPIRACIL 15MG+6,14MG 20 UNITA' USO ORALE","LONSURF*20 cpr riv 15 mg + 6,14 mg",LES LABORATOIRES SERVIER,044856019,JJY
Trifluridina/Tipiracil,"TRIFLURIDINA+TIPIRACIL 15MG+6,14MG 60 UNITA' USO ORALE","LONSURF*60 cpr riv 15 mg + 6,14 mg",LES LABORATOIRES SERVIER,044856033,JJZ
Trifluridina/Tipiracil,"TRIFLURIDINA+TIPIRACIL 20MG+8,19MG 20 UNITA' USO ORALE","LONSURF*20 cpr riv 20 mg + 8,19 mg",LES LABORATOIRES SERVIER,044856045,JKB
Trifluridina/Tipiracil,"TRIFLURIDINA+TIPIRACIL 20MG+8,19MG 60 UNITA' USO ORALE","LONSURF*60 cpr riv 20 mg + 8,19 mg",LES LABORATOIRES SERVIER,044856060,JKC
Trimetoprim/sulfametoxazolo,TRIMETOPRIM+SULFAMETOXAZOLO 80+400MG 5 UNITA' USO PARENTERALE,BACTRIM PERFUSIONE*5 fiale EV 80 mg/5 ml + 400 mg/5 ml,EUMEDICA PHARMACEUTICALS GmbH,028313029,KRJ
Trimetoprim/sulfametoxazolo,TRIMETOPRIM+SULFAMETOXAZOLO 160+800MG 16 UNITA' USO ORALE,BACTRIM*16 cpr 160 mg + 800 mg,EUMEDICA PHARMACEUTICALS GmbH,021978046,T3B
Trimipramina,TRIMIPRAMINA 800MG 20ML USO ORALE,SURMONTIL*orale gtt 20 ml 40 mg/ml,NEURAXPHARM ITALY SpA,020118030,T4C
Triptorelina,"TRIPTORELINA 3,75MG 1 UNITA' USO PARENTERALE","DECAPEPTYL*1 flaconcino IM 3,75 mg + 1 fiala solv 2 ml + 1 siringa",IPSEN SpA,026999021,BYA
Triptorelina,"TRIPTORELINA 3,75MG 1 UNITA' USO PARENTERALE","GONAPEPTYL DEPOT*1 siringa IM SC 3,75 mg + 1 fiala solv 1 ml",FERRING SpA,035562014,BYA
Triptorelina,"TRIPTORELINA 11,25MG 1 UNITA' USO PARENTERALE","DECAPEPTYL*1 flaconcino IM 11,25 mg + 1 fiala solv 2 ml + 1 siringa",IPSEN SpA,026999058,BYB
Triptorelina,"TRIPTORELINA 22,5MG 1 UNITA' USO PARENTERALE","DECAPEPTYL*1 flaconcino 22,5 mg + 1 fiala solv 2 ml + 1 siringa + 2 aghi",IPSEN SpA,026999060,KOH
Turoctocog Alfa,TUROCTOCOG ALFA 250UI 4ML 1 UNITA' USO PARENTERALE,NOVOEIGHT*1 flaconcino EV 250 Unita' Internazionali + 1 siringa solv 4 ml,NOVO NORDISK A/S,043153016,JAR
Turoctocog Alfa,TUROCTOCOG ALFA 500UI 4ML 1 UNITA' USO PARENTERALE,NOVOEIGHT*1 flaconcino EV 500 Unita' Internazionali + 1 siringa solv 4 ml,NOVO NORDISK A/S,043153028,JAS
Turoctocog Alfa,TUROCTOCOG ALFA 1.000UI 4ML 1 UNITA' USO PARENTERALE,NOVOEIGHT*1 flaconcino EV 1.000 Unita' Internazionali + 1 siringa solv 4 ml,NOVO NORDISK A/S,043153030,JAT
Turoctocog Alfa,TUROCTOCOG ALFA 1.500UI 4ML 1 UNITA' USO PARENTERALE,NOVOEIGHT*1 flaconcino EV 1.500 Unita' Internazionali + 1 siringa solv 4 ml,NOVO NORDISK A/S,043153042,JAU
Turoctocog Alfa,TUROCTOCOG ALFA 2.000UI 4ML 1 UNITA' USO PARENTERALE,NOVOEIGHT*1 flaconcino EV 2.000 Unita' Internazionali + 1 siringa solv 4 ml,NOVO NORDISK A/S,043153055,JAV
Turoctocog Alfa,TUROCTOCOG ALFA 3.000UI 4ML 1 UNITA' USO PARENTERALE,NOVOEIGHT*1 flaconcino EV 3.000 Unita' Internazionali + 1 siringa solv 4 ml,NOVO NORDISK A/S,043153067,JAW
Turoctocog Alfa Pegilato,TUROCTOCOG ALFA PEGILATO 1.000UI 4ML 1 UNITA' USO PARENTERALE,ESPEROCT*1 flaconcino EV 1.000 Unita' Internazionali + 1 siringa preriemp 4 ml,NOVO NORDISK A/S,048083024,LCB
Turoctocog Alfa Pegilato,TUROCTOCOG ALFA PEGILATO 1.500UI 4ML 1 UNITA' USO PARENTERALE,ESPEROCT*1 flaconcino EV 1.500 Unita' Internazionali + 1 siringa preriemp 4 ml,NOVO NORDISK A/S,048083036,LCC
Turoctocog Alfa Pegilato,TUROCTOCOG ALFA PEGILATO 2.000UI 4ML 1 UNITA' USO PARENTERALE,ESPEROCT*1 flaconcino EV 2.000 Unita' Internazionali + 1 siringa preriemp 4 ml,NOVO NORDISK A/S,048083048,LCD
Turoctocog Alfa Pegilato,TUROCTOCOG ALFA PEGILATO 3.000UI 4ML 1 UNITA' USO PARENTERALE,ESPEROCT*1 flaconcino EV 3.000 Unita' Internazionali + 1 siringa preriemp 4 ml,NOVO NORDISK A/S,048083051,LCE
Turoctocog Alfa Pegilato,TUROCTOCOG ALFA PEGILATO 500UI 4ML 1 UNITA' USO PARENTERALE,ESPEROCT*1 flaconcino EV 500 Unita' Internazionali + 1 siringa preriemp 4 ml,NOVO NORDISK A/S,048083012,LCF
Ulipristal,ULIPRISTAL 5MG 28 UNITA' USO ORALE,ESMYA*28 cpr 5 mg,GEDEON RICHTER PLC,042227013,IUX
Umeclidinio,UMECLIDINIO 55MCG 30 UNITA' USO RESPIRATORIO,INCRUSE ELLIPTA*polv inal 30 dosi 55 mcg,GLAXOSMITHKLINE (IRELAND) LTD,043374026,GBF
Umeclidinio,UMECLIDINIO 55MCG 30 UNITA' USO RESPIRATORIO,ROLUFTA ELLIPTA*1 inalatore 30 dosi 55 mcg,GLAXOSMITHKLINE TRAD.SERV.LTD,045321027,GBF
Umeclidinio/Vilanterolo,UMECLIDINIO+VILANTEROLO 55MCG+22MCG 30 UNITA' USO RESPIRATORIO,ANORO ELLIPTA*polv inal 30 dosi 55 mcg + 22 mcg,GLAXOSMITHKLINE (IRELAND) LTD,043438023,GCD
Umeclidinio/Vilanterolo,UMECLIDINIO+VILANTEROLO 55MCG+22MCG 30 UNITA' USO RESPIRATORIO,LAVENTAIR ELLIPTA*polv inal 30 dosi 55 mcg + 22 mcg,GLAXOSMITHKLINE (IRELAND) LTD,043444025,GCD
Urofollitropina,UROFOLLITROPINA 300UI 5 UNITA' USO PARENTERALE,FOSTIMON*5 flaconcini 300 UI/ml + 5 siringhe + 10 aghi,IBSA FARMACEUTICI ITALIA Srl,032921177,GDZ
Urofollitropina,UROFOLLITROPINA 225UI 1 UNITA' USO PARENTERALE,FOSTIMON*1 flaconcino 225 UI/ml + 1 siringa + 2 aghi,IBSA FARMACEUTICI ITALIA Srl,032921138,GEF
Urofollitropina,UROFOLLITROPINA 300UI 1 UNITA' USO PARENTERALE,FOSTIMON*1 flaconcino 300 UI/ml + 1 siringa + 1 ago,IBSA FARMACEUTICI ITALIA Srl,032921165,GEL
Urofollitropina,UROFOLLITROPINA 150UI 5 UNITA' USO PARENTERALE,FOSTIMON*5 flaconcini 150 UI/ml + 5 siringhe,IBSA FARMACEUTICI ITALIA Srl,032921114,GEP
Urofollitropina,UROFOLLITROPINA 225UI 5 UNITA' USO PARENTERALE,FOSTIMON*5 flaconcini 225 UI/ml + 5 siringhe + 10 aghi,IBSA FARMACEUTICI ITALIA Srl,032921140,GET
Urofollitropina,UROFOLLITROPINA 150UI 1 UNITA' USO PARENTERALE,FOSTIMON*1 flaconcino 150 UI/ml + 1 siringa,IBSA FARMACEUTICI ITALIA Srl,032921102,GZV
Urofollitropina,UROFOLLITROPINA 75UI 1 UNITA' USO PARENTERALE,FOSTIMON*1 flaconcino 75 UI + 1 fiala solv 1 ml,IBSA FARMACEUTICI ITALIA Srl,032921013,T6A
Urofollitropina,UROFOLLITROPINA 75UI 10 UNITA' USO PARENTERALE,FOSTIMON*10 flaconcini 75 UI + 10 fiale solv 1 ml,IBSA FARMACEUTICI ITALIA Srl,032921049,T6B
Valaciclovir,VALACICLOVIR 1.000MG 21 UNITA' USO ORALE,TALAVIR*21 cpr riv 1.000 mg,ALFASIGMA SpA,029498021,ETA
Valaciclovir,VALACICLOVIR 1.000MG 21 UNITA' USO ORALE,ZELITREX*21 cpr riv 1.000 mg,GLAXOSMITHKLINE SpA,029503024,ETA
Valaciclovir,VALACICLOVIR 1.000MG 21 UNITA' USO ORALE,VALACICLOVIR*21 cpr riv 1.000 mg,EG SpA,038817084,ETA
Valaciclovir,VALACICLOVIR 1.000MG 21 UNITA' USO ORALE,VALACICLOVIR*21 cpr riv 1.000 mg,MYLAN SpA,039107180,ETA
Valaciclovir,VALACICLOVIR 1.000MG 21 UNITA' USO ORALE,VALACICLOVIR*21 cpr riv 1.000 mg,SANDOZ SpA,039149125,ETA
Valaciclovir,VALACICLOVIR 1.000MG 21 UNITA' USO ORALE,VALACICLOVIR*21 cpr riv 1.000 mg,AUROBINDO PHARMA ITALIA Srl,040942144,ETA
Valaciclovir,VALACICLOVIR 500MG 42 UNITA' USO ORALE,TALAVIR*42 cpr riv 500 mg,ALFASIGMA SpA,029498019,ETB
Valaciclovir,VALACICLOVIR 500MG 42 UNITA' USO ORALE,ZELITREX*42 cpr riv 500 mg,GLAXOSMITHKLINE SpA,029503012,ETB
Valaciclovir,VALACICLOVIR 500MG 42 UNITA' USO ORALE,VALACICLOVIR*42 cpr riv 500 mg,MYLAN SpA,039107139,ETB
Valaciclovir,VALACICLOVIR 500MG 42 UNITA' USO ORALE,VALACICLOVIR*42 cpr riv 500 mg,SANDOZ SpA,039149075,ETB
Valaciclovir,VALACICLOVIR 500MG 42 UNITA' USO ORALE,VALACICLOVIR*42 cpr riv 500 mg,AUROBINDO PHARMA ITALIA Srl,040942056,ETB
Valganciclovir,VALGANCICLOVIR 450MG 60 UNITA' USO ORALE,VALCYTE*60 cpr riv 450 mg flacone,CHEPLAPHARM ARZNEIMITTEL GMBH,035739010,T7A
Valganciclovir,VALGANCICLOVIR 450MG 60 UNITA' USO ORALE,VALGANCICLOVIR*60 cpr riv 450 mg flacone,TEVA ITALIA Srl,042545032,T7A
Valganciclovir,VALGANCICLOVIR 450MG 60 UNITA' USO ORALE,VALGANCICLOVIR*60 cpr riv 450 mg flacone,MYLAN SpA,043146012,T7A
Valganciclovir,VALGANCICLOVIR 450MG 60 UNITA' USO ORALE,VALGANCICLOVIR*60 cpr riv 450 mg,SANDOZ SpA,043694037,T7A
Valganciclovir,VALGANCICLOVIR 450MG 60 UNITA' USO ORALE,VALGANCICLOVIR*60 cpr riv 450 mg,ACCORD HEALTHCARE SLU,044086015,T7A
Valganciclovir,VALGANCICLOVIR 450MG 60 UNITA' USO ORALE,VALGANCICLOVIR*60 cpr riv 450 mg flacone,AUROBINDO PHARMA ITALIA Srl,045932050,T7A
Valganciclovir,VALGANCICLOVIR 5.500MG 1 UNITA' USO ORALE,"VALCYTE*orale polv 5,5 g 50 mg/ml in soluz ricostituita",CHEPLAPHARM ARZNEIMITTEL GMBH,035739022,T7B
Valpromide,VALPROMIDE 300MG 30 UNITA' USO ORALE,DEPAMIDE*30 cpr gastrores 300 mg,SANOFI Srl,023105036,T8A
Valsartan,VALSARTAN 40MG 14 UNITA' USO ORALE,VALPRESSION*14 cpr riv 40 mg,A.MENARINI IND.FARM.RIUN.Srl,033119138,FPA
Valsartan,VALSARTAN 40MG 14 UNITA' USO ORALE,TAREG*14 cpr riv 40 mg,NOVARTIS FARMA SpA,033178260,FPA
Valsartan,VALSARTAN 40MG 14 UNITA' USO ORALE,RIXIL*14 cpr riv div 40 mg,SANDOZ SpA,034776207,FPA
Valsartan,VALSARTAN 40MG 14 UNITA' USO ORALE,VALSARTAN*14 cpr riv 40 mg,DOC GENERICI Srl,039815028,FPA
Valsartan,VALSARTAN 40MG 14 UNITA' USO ORALE,VALSARTAN*14 cpr riv 40 mg,SANDOZ SpA,040318014,FPA
Valsartan,VALSARTAN 40MG 14 UNITA' USO ORALE,VALSARTAN*14 cpr riv 40 mg,SUN PHARMACEUTICAL IND.EU.B.V.,040617019,FPA
Valsartan,VALSARTAN 40MG 14 UNITA' USO ORALE,VALSARTAN*14 cpr riv 40 mg,ZENTIVA ITALIA Srl,040723013,FPA
Valsartan,VALSARTAN 40MG 14 UNITA' USO ORALE,VALSARTAN*14 cpr riv 40 mg,EG SpA,040782346,FPA
Valsartan,VALSARTAN 40MG 14 UNITA' USO ORALE,VALSARTAN*14 cpr riv 40 mg,ALMUS Srl,041076011,FPA
Valsartan,VALSARTAN 40MG 14 UNITA' USO ORALE,VALSARTAN*14 cpr riv 40 mg,HCS BVBA,041104023,FPA
Valsartan,VALSARTAN 40MG 14 UNITA' USO ORALE,VALSARTAN*14 cpr riv 40 mg,MYLAN SpA,041442031,FPA
Valsartan,VALSARTAN 40MG 14 UNITA' USO ORALE,VALSARTAN*14 cpr riv 40 mg,TOWA PHARMACEUTICAL SpA,041849023,FPA
Valsartan,VALSARTAN 80MG 28 UNITA' USO ORALE,VALPRESSION*28 cps 80 mg,A.MENARINI IND.FARM.RIUN.Srl,033119013,FPB
Valsartan,VALSARTAN 80MG 28 UNITA' USO ORALE,TAREG*28 cpr riv 80 mg,NOVARTIS FARMA SpA,033178892,FPB
Valsartan,VALSARTAN 80MG 28 UNITA' USO ORALE,RIXIL*28 cpr riv 80 mg,SANDOZ SpA,034776827,FPB
Valsartan,VALSARTAN 80MG 28 UNITA' USO ORALE,VALSARTAN*28 cpr riv 80 mg,LABORATORI ALTER Srl,039810041,FPB
Valsartan,VALSARTAN 80MG 28 UNITA' USO ORALE,VALSARTAN*28 cpr riv 80 mg,DOC GENERICI Srl,039815156,FPB
Valsartan,VALSARTAN 80MG 28 UNITA' USO ORALE,VALSARTAN*28 cps 80 mg,MYLAN SpA,040225043,FPB
Valsartan,VALSARTAN 80MG 28 UNITA' USO ORALE,VALSARTAN*28 cpr riv 80 mg,SANDOZ SpA,040318065,FPB
Valsartan,VALSARTAN 80MG 28 UNITA' USO ORALE,VALSARTAN*28 cpr riv 80 mg,SUN PHARMACEUTICAL IND.EU.B.V.,040617084,FPB
Valsartan,VALSARTAN 80MG 28 UNITA' USO ORALE,VALSARTAN*28 cpr riv 80 mg,ZENTIVA ITALIA Srl,040723076,FPB
Valsartan,VALSARTAN 80MG 28 UNITA' USO ORALE,VALSARTAN*28 cpr riv 80 mg,EG SpA,040782031,FPB
Valsartan,VALSARTAN 80MG 28 UNITA' USO ORALE,VALSARTAN*28 cpr riv 80 mg,ALMUS Srl,041076062,FPB
Valsartan,VALSARTAN 80MG 28 UNITA' USO ORALE,VALSARTAN*28 cpr riv 80 mg,HCS BVBA,041104098,FPB
Valsartan,VALSARTAN 80MG 28 UNITA' USO ORALE,ALSARTIR*28 cpr riv div 80 mg,EG SpA,041129115,FPB
Valsartan,VALSARTAN 80MG 28 UNITA' USO ORALE,PRESSLOVAL*28 cpr riv 80 mg,SO.SE.PHARM Srl,041168067,FPB
Valsartan,VALSARTAN 80MG 28 UNITA' USO ORALE,VALSARTAN*28 cpr riv 80 mg,TOWA PHARMACEUTICAL SpA,041849098,FPB
Valsartan,VALSARTAN 80MG 28 UNITA' USO ORALE,VALSARTAN*28 cpr riv 80 mg,TECNIMEDE SOC.TECNICO-MED.S.A.,042392023,FPB
Valsartan,VALSARTAN 160MG 28 UNITA' USO ORALE,VALPRESSION*28 cps 160 mg,A.MENARINI IND.FARM.RIUN.Srl,033119025,FPC
Valsartan,VALSARTAN 160MG 28 UNITA' USO ORALE,TAREG*28 cpr riv 160 mg,NOVARTIS FARMA SpA,033178942,FPC
Valsartan,VALSARTAN 160MG 28 UNITA' USO ORALE,RIXIL*28 cpr riv 160 mg,SANDOZ SpA,034776878,FPC
Valsartan,VALSARTAN 160MG 28 UNITA' USO ORALE,VALSARTAN*28 cpr riv 160 mg,LABORATORI ALTER Srl,039810066,FPC
Valsartan,VALSARTAN 160MG 28 UNITA' USO ORALE,VALSARTAN*28 cpr riv 160 mg,DOC GENERICI Srl,039815271,FPC
Valsartan,VALSARTAN 160MG 28 UNITA' USO ORALE,VALSARTAN*28 cps 160 mg,MYLAN SpA,040225068,FPC
Valsartan,VALSARTAN 160MG 28 UNITA' USO ORALE,VALSARTAN*28 cpr riv 160 mg,SANDOZ SpA,040318077,FPC
Valsartan,VALSARTAN 160MG 28 UNITA' USO ORALE,VALSARTAN*28 cpr riv 160 mg,SUN PHARMACEUTICAL IND.EU.B.V.,040617146,FPC
Valsartan,VALSARTAN 160MG 28 UNITA' USO ORALE,VALSARTAN*28 cpr riv 160 mg,ZENTIVA ITALIA Srl,040723126,FPC
Valsartan,VALSARTAN 160MG 28 UNITA' USO ORALE,VALSARTAN*28 cpr riv 160 mg,EG SpA,040782120,FPC
Valsartan,VALSARTAN 160MG 28 UNITA' USO ORALE,VALSARTAN*28 cpr riv 160 mg,ALMUS Srl,041076100,FPC
Valsartan,VALSARTAN 160MG 28 UNITA' USO ORALE,VALSARTAN*28 cpr riv 160 mg,HCS BVBA,041104151,FPC
Valsartan,VALSARTAN 160MG 28 UNITA' USO ORALE,ALSARTIR*28 cpr riv div 160 mg,EG SpA,041129204,FPC
Valsartan,VALSARTAN 160MG 28 UNITA' USO ORALE,PRESSLOVAL*28 cpr riv 160 mg,SO.SE.PHARM Srl,041168105,FPC
Valsartan,VALSARTAN 160MG 28 UNITA' USO ORALE,VALSARTAN*28 cpr riv 160 mg,TOWA PHARMACEUTICAL SpA,041849151,FPC
Valsartan,VALSARTAN 160MG 28 UNITA' USO ORALE,VALSARTAN*28 cpr riv 160 mg,TECNIMEDE SOC.TECNICO-MED.S.A.,042392035,FPC
Valsartan,VALSARTAN 320MG 28 UNITA' USO ORALE,VALPRESSION*28 cpr riv 320 mg,A.MENARINI IND.FARM.RIUN.Srl,033119292,FPD
Valsartan,VALSARTAN 320MG 28 UNITA' USO ORALE,TAREG*28 cpr riv 320 mg,NOVARTIS FARMA SpA,033178359,FPD
Valsartan,VALSARTAN 320MG 28 UNITA' USO ORALE,RIXIL*28 cpr riv 320 mg,SANDOZ SpA,034776296,FPD
Valsartan,VALSARTAN 320MG 28 UNITA' USO ORALE,VALSARTAN*28 cpr riv 320 mg,LABORATORI ALTER Srl,039810092,FPD
Valsartan,VALSARTAN 320MG 28 UNITA' USO ORALE,VALSARTAN*28 cpr riv 320 mg,DOC GENERICI Srl,039815372,FPD
Valsartan,VALSARTAN 320MG 28 UNITA' USO ORALE,VALSARTAN*28 cpr riv 320 mg,SANDOZ SpA,040318115,FPD
Valsartan,VALSARTAN 320MG 28 UNITA' USO ORALE,VALSARTAN*28 cpr riv 320 mg,ZENTIVA ITALIA Srl,040723189,FPD
Valsartan,VALSARTAN 320MG 28 UNITA' USO ORALE,VALSARTAN*28 cpr riv 320 mg,EG SpA,040782219,FPD
Valsartan,VALSARTAN 320MG 28 UNITA' USO ORALE,VALSARTAN*28 cpr riv 320 mg,HCS BVBA,041104237,FPD
Valsartan,VALSARTAN 320MG 28 UNITA' USO ORALE,VALSARTAN*28 cpr riv 320 mg,MYLAN SpA,041442361,FPD
Valsartan,VALSARTAN 320MG 28 UNITA' USO ORALE,VALSARTAN*28 cpr riv 320 mg,TECNIMEDE SOC.TECNICO-MED.S.A.,042392047,FPD
Valsartan/idroclorotiazide,"VALSARTAN+IDROCLOROTIAZIDE 80+12,5MG 28 UNITA' USO ORALE","COTAREG*28 cpr riv 80 mg + 12,5 mg",NOVARTIS FARMA SpA,034114025,FQA
Valsartan/idroclorotiazide,"VALSARTAN+IDROCLOROTIAZIDE 80+12,5MG 28 UNITA' USO ORALE","COMBISARTAN*28 cpr riv 80 mg + 12,5 mg",A.MENARINI IND.FARM.RIUN.Srl,034134027,FQA
Valsartan/idroclorotiazide,"VALSARTAN+IDROCLOROTIAZIDE 80+12,5MG 28 UNITA' USO ORALE","CORIXIL*28 cpr riv 80 mg + 12,5 mg",SANDOZ SpA,034774024,FQA
Valsartan/idroclorotiazide,"VALSARTAN+IDROCLOROTIAZIDE 80+12,5MG 28 UNITA' USO ORALE","VALSARTAN E IDROCLOROTIAZIDE*28 cpr riv 80 mg + 12,5 mg",TEVA ITALIA Srl,040259069,FQA
Valsartan/idroclorotiazide,"VALSARTAN+IDROCLOROTIAZIDE 80+12,5MG 28 UNITA' USO ORALE","VALSARTAN E IDROCLOROTIAZIDE*28 cpr riv 80 mg + 12,5 mg",EG SpA,040589032,FQA
Valsartan/idroclorotiazide,"VALSARTAN+IDROCLOROTIAZIDE 80+12,5MG 28 UNITA' USO ORALE","VALBACOMP*28 cpr riv 80 mg + 12,5 mg",EG SpA,040757039,FQA
Valsartan/idroclorotiazide,"VALSARTAN+IDROCLOROTIAZIDE 80+12,5MG 28 UNITA' USO ORALE","VALSARTAN E IDROCLOROTIAZIDE*28 cpr riv 80 mg + 12,5 mg",SUN PHARMACEUTICAL IND.EU.B.V.,040842041,FQA
Valsartan/idroclorotiazide,"VALSARTAN+IDROCLOROTIAZIDE 80+12,5MG 28 UNITA' USO ORALE","VALSARTAN E IDROCLOROTIAZIDE*28 cpr riv 80 mg + 12,5 mg",SANDOZ SpA,040920023,FQA
Valsartan/idroclorotiazide,"VALSARTAN+IDROCLOROTIAZIDE 80+12,5MG 28 UNITA' USO ORALE","VALSARTAN E IDROCLOROTIAZIDE*28 cpr riv 80 mg + 12,5 mg",HCS BVBA,041012028,FQA
Valsartan/idroclorotiazide,"VALSARTAN+IDROCLOROTIAZIDE 80+12,5MG 28 UNITA' USO ORALE","VALSARTAN E IDROCLOROTIAZIDE*28 cpr riv 80 mg + 12,5 mg",DOC GENERICI Srl,041105014,FQA
Valsartan/idroclorotiazide,"VALSARTAN+IDROCLOROTIAZIDE 80+12,5MG 28 UNITA' USO ORALE","VALSARTAN E IDROCLOROTIAZIDE*28 cpr riv 80 mg + 12,5 mg",MYLAN SpA,041255011,FQA
Valsartan/idroclorotiazide,"VALSARTAN+IDROCLOROTIAZIDE 80+12,5MG 28 UNITA' USO ORALE","VALIDROC*28 cpr riv 80 mg + 12,5 mg",SO.SE.PHARM Srl,041293034,FQA
Valsartan/idroclorotiazide,"VALSARTAN+IDROCLOROTIAZIDE 80+12,5MG 28 UNITA' USO ORALE","VALSARTAN E IDROCLOROTIAZIDE*28 cpr riv 80 mg + 12,5 mg",ZENTIVA ITALIA Srl,041492036,FQA
Valsartan/idroclorotiazide,"VALSARTAN+IDROCLOROTIAZIDE 80+12,5MG 28 UNITA' USO ORALE","VALSARTAN E IDROCLOROTIAZIDE*28 cpr riv 80 mg + 12,5 mg",ALMUS Srl,042208037,FQA
Valsartan/idroclorotiazide,"VALSARTAN+IDROCLOROTIAZIDE 80+12,5MG 28 UNITA' USO ORALE","VALSARTAN E IDROCLOROTIAZIDE*28 cpr riv 80 mg + 12,5 mg",AUROBINDO PHARMA ITALIA Srl,042278010,FQA
Valsartan/idroclorotiazide,"VALSARTAN+IDROCLOROTIAZIDE 160+12,5MG 28 UNITA' USO ORALE","COTAREG*28 cpr riv 160 mg + 12,5 mg",NOVARTIS FARMA SpA,034114076,FQB
Valsartan/idroclorotiazide,"VALSARTAN+IDROCLOROTIAZIDE 160+12,5MG 28 UNITA' USO ORALE","COMBISARTAN*28 cpr riv 160 mg + 12,5 mg",A.MENARINI IND.FARM.RIUN.Srl,034134041,FQB
Valsartan/idroclorotiazide,"VALSARTAN+IDROCLOROTIAZIDE 160+12,5MG 28 UNITA' USO ORALE","CORIXIL*28 cpr riv 160 mg + 12,5 mg",SANDOZ SpA,034774048,FQB
Valsartan/idroclorotiazide,"VALSARTAN+IDROCLOROTIAZIDE 160+12,5MG 28 UNITA' USO ORALE","VALSARTAN E IDROCLOROTIAZIDE*28 cpr riv 160 mg + 12,5 mg",TEVA ITALIA Srl,040240044,FQB
Valsartan/idroclorotiazide,"VALSARTAN+IDROCLOROTIAZIDE 160+12,5MG 28 UNITA' USO ORALE","VALSARTAN E IDROCLOROTIAZIDE*28 cpr riv 160 mg + 12,5 mg",EG SpA,040589119,FQB
Valsartan/idroclorotiazide,"VALSARTAN+IDROCLOROTIAZIDE 160+12,5MG 28 UNITA' USO ORALE","VALBACOMP*28 cpr riv 160 mg + 12,5 mg",EG SpA,040757116,FQB
Valsartan/idroclorotiazide,"VALSARTAN+IDROCLOROTIAZIDE 160+12,5MG 28 UNITA' USO ORALE","VALSARTAN E IDROCLOROTIAZIDE*28 cpr riv 160 mg + 12,5 mg",SUN PHARMACEUTICAL IND.EU.B.V.,040842142,FQB
Valsartan/idroclorotiazide,"VALSARTAN+IDROCLOROTIAZIDE 160+12,5MG 28 UNITA' USO ORALE","VALSARTAN E IDROCLOROTIAZIDE*28 cpr riv 160 mg + 12,5 mg",SANDOZ SpA,040920074,FQB
Valsartan/idroclorotiazide,"VALSARTAN+IDROCLOROTIAZIDE 160+12,5MG 28 UNITA' USO ORALE","VALSARTAN E IDROCLOROTIAZIDE*28 cpr riv 160 mg + 12,5 mg",HCS BVBA,041012143,FQB
Valsartan/idroclorotiazide,"VALSARTAN+IDROCLOROTIAZIDE 160+12,5MG 28 UNITA' USO ORALE","VALSARTAN E IDROCLOROTIAZIDE*28 cpr riv 160 mg + 12,5 mg",DOC GENERICI Srl,041105026,FQB
Valsartan/idroclorotiazide,"VALSARTAN+IDROCLOROTIAZIDE 160+12,5MG 28 UNITA' USO ORALE","VALSARTAN E IDROCLOROTIAZIDE*28 cpr riv 160 mg + 12,5 mg",MYLAN SpA,041255023,FQB
Valsartan/idroclorotiazide,"VALSARTAN+IDROCLOROTIAZIDE 160+12,5MG 28 UNITA' USO ORALE","VALIDROC*28 cpr riv 160 mg + 12,5 mg",SO.SE.PHARM Srl,041293111,FQB
Valsartan/idroclorotiazide,"VALSARTAN+IDROCLOROTIAZIDE 160+12,5MG 28 UNITA' USO ORALE","VALSARTAN E IDROCLOROTIAZIDE*28 cpr riv 160 mg + 12,5 mg",TECNIMEDE SOC.TECNICO-MED.S.A.,041944024,FQB
Valsartan/idroclorotiazide,"VALSARTAN+IDROCLOROTIAZIDE 160+12,5MG 28 UNITA' USO ORALE","VALSARTAN E IDROCLOROTIAZIDE*28 cpr riv 160 mg + 12,5 mg",TOWA PHARMACEUTICAL SpA,041967023,FQB
Valsartan/idroclorotiazide,"VALSARTAN+IDROCLOROTIAZIDE 160+12,5MG 28 UNITA' USO ORALE","VALSARTAN E IDROCLOROTIAZIDE*28 cpr riv 160 mg + 12,5 mg",ALMUS Srl,042208177,FQB
Valsartan/idroclorotiazide,"VALSARTAN+IDROCLOROTIAZIDE 160+12,5MG 28 UNITA' USO ORALE","VALSARTAN E IDROCLOROTIAZIDE*28 cpr riv 160 mg + 12,5 mg",AUROBINDO PHARMA ITALIA Srl,042278022,FQB
Valsartan/idroclorotiazide,"VALSARTAN+IDROCLOROTIAZIDE 160+12,5MG 28 UNITA' USO ORALE","VALSARTAN E IDROCLOROTIAZIDE*28 cpr riv 160 mg + 12,5 mg",ZENTIVA ITALIA Srl,042636050,FQB
Valsartan/idroclorotiazide,VALSARTAN+IDROCLOROTIAZIDE 160+25MG 28 UNITA' USO ORALE,COTAREG*28 cpr riv 160 mg + 25 mg,NOVARTIS FARMA SpA,034114140,FQC
Valsartan/idroclorotiazide,VALSARTAN+IDROCLOROTIAZIDE 160+25MG 28 UNITA' USO ORALE,COMBISARTAN*28 cpr riv 160 mg + 25 mg,A.MENARINI IND.FARM.RIUN.Srl,034134116,FQC
Valsartan/idroclorotiazide,VALSARTAN+IDROCLOROTIAZIDE 160+25MG 28 UNITA' USO ORALE,CORIXIL*28 cpr riv 160 mg + 25 mg,SANDOZ SpA,034774113,FQC
Valsartan/idroclorotiazide,VALSARTAN+IDROCLOROTIAZIDE 160+25MG 28 UNITA' USO ORALE,VALSARTAN E IDROCLOROTIAZIDE*28 cpr riv 160 mg + 25 mg,TEVA ITALIA Srl,040259259,FQC
Valsartan/idroclorotiazide,VALSARTAN+IDROCLOROTIAZIDE 160+25MG 28 UNITA' USO ORALE,VALSARTAN E IDROCLOROTIAZIDE*28 cpr riv 160 mg + 25 mg,EG SpA,040589196,FQC
Valsartan/idroclorotiazide,VALSARTAN+IDROCLOROTIAZIDE 160+25MG 28 UNITA' USO ORALE,VALBACOMP*28 cpr riv 160 mg + 25 mg,EG SpA,040757193,FQC
Valsartan/idroclorotiazide,VALSARTAN+IDROCLOROTIAZIDE 160+25MG 28 UNITA' USO ORALE,VALSARTAN E IDROCLOROTIAZIDE*28 cpr riv 160 mg + 25 mg,SANDOZ SpA,040920100,FQC
Valsartan/idroclorotiazide,VALSARTAN+IDROCLOROTIAZIDE 160+25MG 28 UNITA' USO ORALE,VALSARTAN E IDROCLOROTIAZIDE*28 cpr riv 160 mg + 25 mg,HCS BVBA,041012269,FQC
Valsartan/idroclorotiazide,VALSARTAN+IDROCLOROTIAZIDE 160+25MG 28 UNITA' USO ORALE,VALSARTAN E IDROCLOROTIAZIDE*28 cpr riv 160 mg + 25 mg,DOC GENERICI Srl,041105038,FQC
Valsartan/idroclorotiazide,VALSARTAN+IDROCLOROTIAZIDE 160+25MG 28 UNITA' USO ORALE,VALSARTAN E IDROCLOROTIAZIDE*28 cpr riv 160 mg + 25 mg,MYLAN SpA,041255035,FQC
Valsartan/idroclorotiazide,VALSARTAN+IDROCLOROTIAZIDE 160+25MG 28 UNITA' USO ORALE,VALIDROC*28 cpr riv 160 mg + 25 mg,SO.SE.PHARM Srl,041293198,FQC
Valsartan/idroclorotiazide,VALSARTAN+IDROCLOROTIAZIDE 160+25MG 28 UNITA' USO ORALE,VALSARTAN E IDROCLOROTIAZIDE*28 cpr riv 160 mg + 25 mg,ZENTIVA ITALIA Srl,041492137,FQC
Valsartan/idroclorotiazide,VALSARTAN+IDROCLOROTIAZIDE 160+25MG 28 UNITA' USO ORALE,VALSARTAN E IDROCLOROTIAZIDE*28 cpr riv 160 mg + 25 mg,TECNIMEDE SOC.TECNICO-MED.S.A.,041944036,FQC
Valsartan/idroclorotiazide,VALSARTAN+IDROCLOROTIAZIDE 160+25MG 28 UNITA' USO ORALE,VALSARTAN E IDROCLOROTIAZIDE*28 cpr riv 160 mg + 25 mg,TOWA PHARMACEUTICAL SpA,041967035,FQC
Valsartan/idroclorotiazide,VALSARTAN+IDROCLOROTIAZIDE 160+25MG 28 UNITA' USO ORALE,VALSARTAN E IDROCLOROTIAZIDE*28 cpr riv 160 mg + 25 mg,ALMUS Srl,042208316,FQC
Valsartan/idroclorotiazide,VALSARTAN+IDROCLOROTIAZIDE 160+25MG 28 UNITA' USO ORALE,VALSARTAN E IDROCLOROTIAZIDE*28 cpr riv 160 mg + 25 mg,AUROBINDO PHARMA ITALIA Srl,042278034,FQC
Valsartan/idroclorotiazide,"VALSARTAN+IDROCLOROTIAZIDE 320+12,5MG 28 UNITA' USO ORALE","COTAREG*28 cpr riv 320 mg + 12,5 mg",NOVARTIS FARMA SpA,034114215,FQD
Valsartan/idroclorotiazide,"VALSARTAN+IDROCLOROTIAZIDE 320+12,5MG 28 UNITA' USO ORALE","COMBISARTAN*28 cpr riv 320 mg + 12,5 mg",A.MENARINI IND.FARM.RIUN.Srl,034134181,FQD
Valsartan/idroclorotiazide,"VALSARTAN+IDROCLOROTIAZIDE 320+12,5MG 28 UNITA' USO ORALE","CORIXIL*28 cpr riv 320 mg + 12,5 mg",SANDOZ SpA,034774188,FQD
Valsartan/idroclorotiazide,"VALSARTAN+IDROCLOROTIAZIDE 320+12,5MG 28 UNITA' USO ORALE","VALSARTAN E IDROCLOROTIAZIDE*28 cpr riv 320 mg + 12,5 mg",EG SpA,040589273,FQD
Valsartan/idroclorotiazide,"VALSARTAN+IDROCLOROTIAZIDE 320+12,5MG 28 UNITA' USO ORALE","VALSARTAN E IDROCLOROTIAZIDE*28 cpr riv 320 mg + 12,5 mg",TEVA PHARMA B.V.,040709026,FQD
Valsartan/idroclorotiazide,"VALSARTAN+IDROCLOROTIAZIDE 320+12,5MG 28 UNITA' USO ORALE","VALBACOMP*28 cpr riv 320 mg + 12,5 mg",EG SpA,040757268,FQD
Valsartan/idroclorotiazide,"VALSARTAN+IDROCLOROTIAZIDE 320+12,5MG 28 UNITA' USO ORALE","VALSARTAN E IDROCLOROTIAZIDE*28 cpr riv 320 mg + 12,5 mg",SANDOZ SpA,040920136,FQD
Valsartan/idroclorotiazide,"VALSARTAN+IDROCLOROTIAZIDE 320+12,5MG 28 UNITA' USO ORALE","VALSARTAN E IDROCLOROTIAZIDE*28 cpr riv 320 mg + 12,5 mg",HCS BVBA,041012396,FQD
Valsartan/idroclorotiazide,"VALSARTAN+IDROCLOROTIAZIDE 320+12,5MG 28 UNITA' USO ORALE","VALSARTAN E IDROCLOROTIAZIDE*28 cpr riv 320 mg + 12,5 mg",DOC GENERICI Srl,041105040,FQD
Valsartan/idroclorotiazide,"VALSARTAN+IDROCLOROTIAZIDE 320+12,5MG 28 UNITA' USO ORALE","VALSARTAN E IDROCLOROTIAZIDE*28 cpr riv 320 mg + 12,5 mg",MYLAN SpA,041255062,FQD
Valsartan/idroclorotiazide,"VALSARTAN+IDROCLOROTIAZIDE 320+12,5MG 28 UNITA' USO ORALE","VALSARTAN E IDROCLOROTIAZIDE*28 cpr riv 320 mg + 12,5 mg",TECNIMEDE SOC.TECNICO-MED.S.A.,041944048,FQD
Valsartan/idroclorotiazide,"VALSARTAN+IDROCLOROTIAZIDE 320+12,5MG 28 UNITA' USO ORALE","VALSARTAN E IDROCLOROTIAZIDE*28 cpr riv 320 mg + 12,5 mg",AUROBINDO PHARMA ITALIA Srl,042278046,FQD
Valsartan/idroclorotiazide,"VALSARTAN+IDROCLOROTIAZIDE 320+12,5MG 28 UNITA' USO ORALE","VALSARTAN E IDROCLOROTIAZIDE*28 cpr riv 320 mg + 12,5 mg",ZENTIVA ITALIA Srl,042636163,FQD
Valsartan/idroclorotiazide,VALSARTAN+IDROCLOROTIAZIDE 320+25MG 28 UNITA' USO ORALE,COTAREG*28 cpr riv 320 mg + 25 mg,NOVARTIS FARMA SpA,034114292,FQE
Valsartan/idroclorotiazide,VALSARTAN+IDROCLOROTIAZIDE 320+25MG 28 UNITA' USO ORALE,COMBISARTAN*28 cpr riv 320 mg + 25 mg,A.MENARINI IND.FARM.RIUN.Srl,034134268,FQE
Valsartan/idroclorotiazide,VALSARTAN+IDROCLOROTIAZIDE 320+25MG 28 UNITA' USO ORALE,CORIXIL*28 cpr riv 320 mg + 25 mg,SANDOZ SpA,034774265,FQE
Valsartan/idroclorotiazide,VALSARTAN+IDROCLOROTIAZIDE 320+25MG 28 UNITA' USO ORALE,VALSARTAN E IDROCLOROTIAZIDE*28 cpr riv 320 mg + 25 mg,EG SpA,040589362,FQE
Valsartan/idroclorotiazide,VALSARTAN+IDROCLOROTIAZIDE 320+25MG 28 UNITA' USO ORALE,VALSARTAN E IDROCLOROTIAZIDE*28 cpr riv 320 mg + 25 mg,TEVA PHARMA B.V.,040709141,FQE
Valsartan/idroclorotiazide,VALSARTAN+IDROCLOROTIAZIDE 320+25MG 28 UNITA' USO ORALE,VALBACOMP*28 cpr riv 320 mg + 25 mg,EG SpA,040757320,FQE
Valsartan/idroclorotiazide,VALSARTAN+IDROCLOROTIAZIDE 320+25MG 28 UNITA' USO ORALE,VALSARTAN E IDROCLOROTIAZIDE*28 cpr riv 320 mg + 25 mg,SANDOZ SpA,040920151,FQE
Valsartan/idroclorotiazide,VALSARTAN+IDROCLOROTIAZIDE 320+25MG 28 UNITA' USO ORALE,VALSARTAN E IDROCLOROTIAZIDE*28 cpr riv 320 mg + 25 mg,HCS BVBA,041012535,FQE
Valsartan/idroclorotiazide,VALSARTAN+IDROCLOROTIAZIDE 320+25MG 28 UNITA' USO ORALE,VALSARTAN E IDROCLOROTIAZIDE*28 cpr riv 320 mg + 25 mg,DOC GENERICI Srl,041105053,FQE
Valsartan/idroclorotiazide,VALSARTAN+IDROCLOROTIAZIDE 320+25MG 28 UNITA' USO ORALE,VALSARTAN E IDROCLOROTIAZIDE*28 cpr riv 320 mg + 25 mg,MYLAN SpA,041255074,FQE
Valsartan/idroclorotiazide,VALSARTAN+IDROCLOROTIAZIDE 320+25MG 28 UNITA' USO ORALE,VALSARTAN E IDROCLOROTIAZIDE*28 cpr riv 320 mg + 25 mg,TECNIMEDE SOC.TECNICO-MED.S.A.,041944051,FQE
Valsartan/idroclorotiazide,VALSARTAN+IDROCLOROTIAZIDE 320+25MG 28 UNITA' USO ORALE,VALSARTAN E IDROCLOROTIAZIDE*28 cpr riv 320 mg + 25 mg,AUROBINDO PHARMA ITALIA Srl,042278059,FQE
Valsartan/idroclorotiazide,VALSARTAN+IDROCLOROTIAZIDE 320+25MG 28 UNITA' USO ORALE,VALSARTAN E IDROCLOROTIAZIDE*28 cpr riv 320 mg + 25 mg,ZENTIVA ITALIA Srl,042636276,FQE
Vancomicina,VANCOMICINA 250MG 4 UNITA' USO ORALE,MAXIVANIL*4 cps 250 mg,GENETIC SpA,034984031,T9A
Vancomicina,VANCOMICINA 250MG 4 UNITA' USO ORALE,LEVOVANOX*4 cps 250 mg,GENETIC SpA,035003033,T9A
Vardenafil,VARDENAFIL 20MG 12 UNITA' USO ORALE,LEVITRA*12 cpr riv 20 mg,BAYER PHARMA AG,035734122,KBQ
Vardenafil,VARDENAFIL 20MG 12 UNITA' USO ORALE,VARDENAFIL*12 cpr riv 20 mg,MYLAN SpA,045027149,KBQ
Vardenafil,VARDENAFIL 20MG 12 UNITA' USO ORALE,VARDENAFIL*12 cpr riv 20 mg,DOC GENERICI Srl,045160064,KBQ
Vardenafil,VARDENAFIL 20MG 12 UNITA' USO ORALE,VARDENAFIL*12 cpr riv 20 mg,TEVA ITALIA Srl,045476203,KBQ
Vareniclina,"VARENICLINA 0,5MG 11 UNITA'+1MG 14 UNITA' USO ORALE","CHAMPIX*11 cpr riv 0,5 mg + 14 cpr 1 mg",PFIZER EUROPE MA EEIG,037550148,ITU
Vareniclina,VARENICLINA 1MG 28 UNITA' USO ORALE,CHAMPIX*28 cpr riv 1 mg,PFIZER EUROPE MA EEIG,037550151,ITV
Vareniclina,VARENICLINA 1MG 56 UNITA' USO ORALE,CHAMPIX*56 cpr riv 1 mg,PFIZER EUROPE MA EEIG,037550163,ITW
Venlafaxina,VENLAFAXINA 75MG 14 UNITA' USO ORALE RP,EFEXOR*14 cps 75 mg rilascio prolungato,VIATRIS PHARMA Srl,028831055,E3A
Venlafaxina,VENLAFAXINA 75MG 14 UNITA' USO ORALE RP,VENLAFAXINA*14 cps 75 mg rilascio prolungato,VIATRIS PHARMA Srl,028834051,E3A
Venlafaxina,VENLAFAXINA 75MG 14 UNITA' USO ORALE RP,VENLAFAXINA*14 cps 75 mg rilascio prolungato,ZENTIVA ITALIA Srl,037881289,E3A
Venlafaxina,VENLAFAXINA 75MG 14 UNITA' USO ORALE RP,ZARELIS*14 cpr 75 mg rilascio prolungato,ITALFARMACO SpA,038316028,E3A
Venlafaxina,VENLAFAXINA 75MG 14 UNITA' USO ORALE RP,VENLAFAXINA*14 cps 75 mg rilascio modificato,LABORATORI ALTER Srl,038465050,E3A
Venlafaxina,VENLAFAXINA 75MG 14 UNITA' USO ORALE RP,VENLAFAXINA*14 cps 75 mg rilascio prolungato,DOC GENERICI Srl,038466076,E3A
Venlafaxina,VENLAFAXINA 75MG 14 UNITA' USO ORALE RP,VENLAFAXINA*14 cps 75 mg rilascio prolungato,KRKA D.D.NOVO MESTO,038499113,E3A
Venlafaxina,VENLAFAXINA 75MG 14 UNITA' USO ORALE RP,VENLAFAXINA*14 cps 75 mg rilascio prolungato,TEVA ITALIA Srl,038500118,E3A
Venlafaxina,VENLAFAXINA 75MG 14 UNITA' USO ORALE RP,IXILANIA*14 cps 75 mg rilascio prolungato,NEURAXPHARM ITALY SpA,038506010,E3A
Venlafaxina,VENLAFAXINA 75MG 14 UNITA' USO ORALE RP,VENLAFAXINA*14 cps 75 mg rilascio prolungato,MYLAN SpA,038615035,E3A
Venlafaxina,VENLAFAXINA 75MG 14 UNITA' USO ORALE RP,VENLAFAXINA*14 cps 75 mg rilascio prolungato,AUROBINDO PHARMA ITALIA Srl,041691181,E3A
Venlafaxina,VENLAFAXINA 75MG 14 UNITA' USO ORALE RP,VENLAFAXINA*14 cps 75 mg rilascio prolungato,EG SpA,044970200,E3A
Venlafaxina,VENLAFAXINA 75MG 14 UNITA' USO ORALE RP,VENLAFAXINA*14 cps 75 mg rilascio prolungato,SANDOZ SpA,045555036,E3A
Venlafaxina,VENLAFAXINA 75MG 14 UNITA' USO ORALE RP,EFEXOR*14 cps 75 mg rilascio prolungato,GMM FARMA Srl,047387016,E3A
Venlafaxina,VENLAFAXINA 75MG 14 UNITA' USO ORALE RP,EFEXOR*14 cps 75 mg rilascio prolungato,MEDIFARM Srl,048371013,E3A
Venlafaxina,VENLAFAXINA 75MG 14 UNITA' USO ORALE RP,EFEXOR*14 cps 75 mg rilascio prolungato,FARMA 1000 Srl,049548011,E3A
Venlafaxina,VENLAFAXINA 75MG 14 UNITA' USO ORALE RP,EFEXOR*14 cps 75 mg rilascio prolungato,PROGRAMMI SANIT.INTEGRATI Srl,049839018,E3A
Venlafaxina,VENLAFAXINA 75MG 14 UNITA' USO ORALE RP,EFEXOR*14 cps 75 mg rilascio prolungato,NEW PHARMASHOP Srl,050027010,E3A
Venlafaxina,VENLAFAXINA 75MG 14 UNITA' USO ORALE RP,EFEXOR*14 cps 75 mg rilascio prolungato,BB FARMA Srl,050275015,E3A
Venlafaxina,VENLAFAXINA 150MG 10 UNITA' USO ORALE RP,EFEXOR*10 cps 150 mg rilascio prolungato,VIATRIS PHARMA Srl,028831067,E3B
Venlafaxina,VENLAFAXINA 150MG 10 UNITA' USO ORALE RP,VENLAFAXINA*10 cps 150 mg rilascio prolungato,VIATRIS PHARMA Srl,028834063,E3B
Venlafaxina,VENLAFAXINA 150MG 10 UNITA' USO ORALE RP,VENLAFAXINA*10 cps 150 mg rilascio prolungato,ZENTIVA ITALIA Srl,037881277,E3B
Venlafaxina,VENLAFAXINA 150MG 10 UNITA' USO ORALE RP,ZARELIS*10 cpr 150 mg rilascio prolungato,ITALFARMACO SpA,038316218,E3B
Venlafaxina,VENLAFAXINA 150MG 10 UNITA' USO ORALE RP,VENLAFAXINA*10 cps 150 mg rilascio modificato,LABORATORI ALTER Srl,038465074,E3B
Venlafaxina,VENLAFAXINA 150MG 10 UNITA' USO ORALE RP,VENLAFAXINA*10 cps 150 mg rilascio prolungato,DOC GENERICI Srl,038466138,E3B
Venlafaxina,VENLAFAXINA 150MG 10 UNITA' USO ORALE RP,VENLAFAXINA*10 cps 150 mg rilascio prolungato,KRKA D.D.NOVO MESTO,038499190,E3B
Venlafaxina,VENLAFAXINA 150MG 10 UNITA' USO ORALE RP,VENLAFAXINA*10 cps 150 mg rilascio prolungato,TEVA ITALIA Srl,038500195,E3B
Venlafaxina,VENLAFAXINA 150MG 10 UNITA' USO ORALE RP,VENLAFAXINA*10 cps 150 mg rilascio prolungato,MYLAN SpA,038615163,E3B
Venlafaxina,VENLAFAXINA 150MG 10 UNITA' USO ORALE RP,VENLAFAXINA*10 cps 150 mg rilascio prolungato,AUROBINDO PHARMA ITALIA Srl,041691320,E3B
Venlafaxina,VENLAFAXINA 150MG 10 UNITA' USO ORALE RP,VENLAFAXINA*10 cps 150 mg rilascio prolungato,EG SpA,044970313,E3B
Venlafaxina,VENLAFAXINA 150MG 10 UNITA' USO ORALE RP,VENLAFAXINA*10 cps 150 mg rilascio prolungato,SANDOZ SpA,045555048,E3B
Venlafaxina,VENLAFAXINA 150MG 10 UNITA' USO ORALE RP,EFEXOR*10 cps 150 mg rilascio prolungato,MEDIFARM Srl,048371025,E3B
Venlafaxina,VENLAFAXINA 150MG 10 UNITA' USO ORALE RP,EFEXOR*10 cps 150 mg rilascio prolungato,FARMA 1000 Srl,049548023,E3B
Venlafaxina,VENLAFAXINA 150MG 10 UNITA' USO ORALE RP,EFEXOR*10 cps 150 mg rilascio prolungato,BB FARMA Srl,050275027,E3B
Venlafaxina,"VENLAFAXINA 37,5MG 28 UNITA' USO ORALE RP","EFEXOR*28 cps 37,5 mg rilascio prolungato",VIATRIS PHARMA Srl,028831129,E3C
Venlafaxina,"VENLAFAXINA 37,5MG 28 UNITA' USO ORALE RP","VENLAFAXINA*28 cps 37,5 mg rilascio prolungato",ZENTIVA ITALIA Srl,037881024,E3C
Venlafaxina,"VENLAFAXINA 37,5MG 28 UNITA' USO ORALE RP","ZARELIS*28 cpr 37,5 mg rilascio prolungato",ITALFARMACO SpA,038316648,E3C
Venlafaxina,"VENLAFAXINA 37,5MG 28 UNITA' USO ORALE RP","VENLAFAXINA*28 cps 37,5 mg rilascio prolungato",DOC GENERICI Srl,038466037,E3C
Venlafaxina,"VENLAFAXINA 37,5MG 28 UNITA' USO ORALE RP","VENLAFAXINA*28 cps 37,5 mg rilascio prolungato",KRKA D.D.NOVO MESTO,038499048,E3C
Venlafaxina,"VENLAFAXINA 37,5MG 28 UNITA' USO ORALE RP","VENLAFAXINA*28 cps 37,5 mg rilascio prolungato",TEVA ITALIA Srl,038500043,E3C
Venlafaxina,"VENLAFAXINA 37,5MG 28 UNITA' USO ORALE RP","VENLAFAXINA*28 cps 37,5 mg rilascio prolungato",AUROBINDO PHARMA ITALIA Srl,041691054,E3C
Venlafaxina,"VENLAFAXINA 37,5MG 28 UNITA' USO ORALE RP","VENLAFAXINA*28 cps 37,5 mg rilascio prolungato",EG SpA,044970109,E3C
Venlafaxina,"VENLAFAXINA 37,5MG 28 UNITA' USO ORALE RP","VENLAFAXINA*28 cps 37,5 mg rilascio prolungato",SANDOZ SpA,045555024,E3C
Venlafaxina,"VENLAFAXINA 37,5MG 28 UNITA' USO ORALE RP","VENLAFAXINA*28 cps 37,5 mg rilascio prolungato",TEVA B.V.,050040043,E3C
Venlafaxina,"VENLAFAXINA 37,5MG 7 UNITA' USO ORALE RP","EFEXOR*7 cps 37,5 mg rilascio prolungato",VIATRIS PHARMA Srl,028831131,E3E
Venlafaxina,VENLAFAXINA 225MG 14 UNITA' USO ORALE RP,ZARELIS*14 cpr 225 mg rilascio prolungato,ITALFARMACO SpA,038316422,E3F
Venlafaxina,VENLAFAXINA 225MG 14 UNITA' USO ORALE RP,VENLAFAXINA*14 cps 225 mg rilascio prolungato,EG SpA,044970440,E3F
Venlafaxina,VENLAFAXINA 4.500MG 60ML USO ORALE,ZAREDROP*orale soluz flacone 60 ml 75 mg/ml + siringa,ITALFARMACO SpA,040745010,E3G
Venlafaxina,VENLAFAXINA 75MG 28 UNITA' USO ORALE RP,VENLAFAXINA*28 cps 75 mg rilascio modificato,LABORATORI ALTER Srl,038465011,KQS
Venlafaxina,VENLAFAXINA 75MG 28 UNITA' USO ORALE RP,VENLAFAXINA*28 cps 75 mg rilascio prolungato,DOC GENERICI Srl,038466088,KQS
Venlafaxina,VENLAFAXINA 75MG 28 UNITA' USO ORALE RP,VENLAFAXINA*28 cps 75 mg rilascio prolungato,KRKA D.D.NOVO MESTO,038499137,KQS
Venlafaxina,VENLAFAXINA 75MG 28 UNITA' USO ORALE RP,VENLAFAXINA*28 cps 75 mg rilascio prolungato,TEVA ITALIA Srl,038500132,KQS
Venlafaxina,VENLAFAXINA 75MG 28 UNITA' USO ORALE RP,VENLAFAXINA*28 cps 75 mg rilascio prolungato,MYLAN SpA,038615062,KQS
Venlafaxina,VENLAFAXINA 75MG 28 UNITA' USO ORALE RP,VENLAFAXINA*28 cps 75 mg rilascio prolungato,AUROBINDO PHARMA ITALIA Srl,041691205,KQS
Venlafaxina,VENLAFAXINA 75MG 28 UNITA' USO ORALE RP,VENLAFAXINA*28 cps 75 mg rilascio prolungato,EG SpA,044970566,KQS
Venlafaxina,VENLAFAXINA 75MG 28 UNITA' USO ORALE RP,VENLAFAXINA*28 cps 75 mg rilascio prolungato,SANDOZ SpA,045555063,KQS
Venlafaxina,VENLAFAXINA 75MG 28 UNITA' USO ORALE RP,VENLAFAXINA*28 cps 75 mg rilascio prolungato,TEVA B.V.,050040132,KQS
Venlafaxina,VENLAFAXINA 150MG 28 UNITA' USO ORALE RP,VENLAFAXINA*28 cps 150 mg rilascio modificato,LABORATORI ALTER Srl,038465035,KQT
Venlafaxina,VENLAFAXINA 150MG 28 UNITA' USO ORALE RP,VENLAFAXINA*28 cps 150 mg rilascio prolungato,KRKA D.D.NOVO MESTO,038499226,KQT
Venlafaxina,VENLAFAXINA 150MG 28 UNITA' USO ORALE RP,VENLAFAXINA*28 cps 150 mg rilascio prolungato,TEVA ITALIA Srl,038500221,KQT
Venlafaxina,VENLAFAXINA 150MG 28 UNITA' USO ORALE RP,VENLAFAXINA*28 cps 150 mg rilascio prolungato,EG SpA,044970580,KQT
Venlafaxina,VENLAFAXINA 150MG 28 UNITA' USO ORALE RP,VENLAFAXINA*28 cps 150 mg rilascio prolungato,SANDOZ SpA,045555075,KQT
Venlafaxina,VENLAFAXINA 150MG 28 UNITA' USO ORALE RP,VENLAFAXINA*28 cps 150 mg rilascio prolungato,TEVA B.V.,050040221,KQT
Venlafaxina,VENLAFAXINA 150MG 30 UNITA' USO ORALE RP,VENLAFAXINA*30 cps 150 mg rilascio prolungato,DOC GENERICI Srl,038466153,KWJ
Venlafaxina,VENLAFAXINA 150MG 30 UNITA' USO ORALE RP,VENLAFAXINA*30 cps 150 mg rilascio prolungato,MYLAN SpA,038615213,KWJ
Venlafaxina,VENLAFAXINA 150MG 30 UNITA' USO ORALE RP,VENLAFAXINA*30 cps 150 mg rilascio prolungato,AUROBINDO PHARMA ITALIA Srl,041691369,KWJ
Venlafaxina,VENLAFAXINA 300MG 30 UNITA' USO ORALE,ZARELIS*30 cpr 300 mg rilascio prolungato,ITALFARMACO SpA,038316853,MMG
Verapamil,VERAPAMIL 120MG 30 UNITA' USO ORALE RP,ISOPTIN*30 cpr 120 mg rilascio prolungato,VIATRIS ITALIA Srl,020609044,13A
Verapamil,VERAPAMIL 120MG 30 UNITA' USO ORALE RP,VERAPAMIL*30 cpr riv 120 mg rilascio prolungato,SANDOZ SpA,031228024,13A
Verapamil,VERAPAMIL 120MG 30 UNITA' USO ORALE RP,VERAPAMIL*30 cpr 120 mg rilascio modificato,EG SpA,032100024,13A
Verapamil,VERAPAMIL 120MG 30 UNITA' USO ORALE RP,VERAPAMIL*30 cps 120 mg rilascio prolungato,DOC GENERICI Srl,034255036,13A
Verapamil,VERAPAMIL 240MG 30 UNITA' USO ORALE RP,ISOPTIN*30 cpr 240 mg rilascio prolungato,VIATRIS ITALIA Srl,020609069,13B
Verapamil,VERAPAMIL 240MG 30 UNITA' USO ORALE RP,VERAPAMIL*30 cpr 240 mg rilascio modificato,EG SpA,032100036,13B
Verapamil,VERAPAMIL 240MG 30 UNITA' USO ORALE RP,VERAPAMIL*30 cps 240 mg rilascio prolungato,DOC GENERICI Srl,034255048,13B
Verapamil,VERAPAMIL 80MG 30 UNITA' USO ORALE,ISOPTIN*30 cpr riv 80 mg,VIATRIS ITALIA Srl,020609083,13C
Verapamil,VERAPAMIL 80MG 30 UNITA' USO ORALE,VERAPAMIL*30 cpr riv 80 mg,SANDOZ SpA,031228012,13C
Verapamil,VERAPAMIL 40MG 30 UNITA' USO ORALE,ISOPTIN*30 cpr riv 40 mg,VIATRIS ITALIA Srl,020609018,13D
Verapamil,VERAPAMIL 180MG 30 UNITA' USO ORALE RP,ISOPTIN*30 cpr 180 mg rilascio prolungato,VIATRIS ITALIA Srl,020609095,13E
Verapamil,VERAPAMIL 5MG 5 UNITA' USO PARENTERALE,ISOPTIN*5 fiale EV 5 mg 2 ml,VIATRIS ITALIA Srl,020609071,13F
Vericiguat,"VERICIGUAT 2,5MG 14 UNITA' USO ORALE","VERQUVO*14 cpr riv 2,5 mg",BAYER AG,049614011,LUD
Vericiguat,VERICIGUAT 5MG 14 UNITA' USO ORALE,VERQUVO*14 cpr riv 5 mg,BAYER AG,049614124,LUE
Vericiguat,VERICIGUAT 10MG 28 UNITA' USO ORALE,VERQUVO*28 cpr riv 10 mg,BAYER AG,049614249,LUF
Vigabatrin,VIGABATRIN 500MG 50 UNITA' USO ORALE,SABRIL*50 cpr riv 500 mg,SANOFI Srl,027443011,TAA
Vigabatrin,VIGABATRIN 500MG 50 UNITA' USO ORALE,SABRIL*orale grat 50 bust 500 mg,SANOFI Srl,027443047,TAA
Vilanterolo/umeclidinio/fluticasone,FLUTICASONE+UMECLIDINIO+VILANTEROLO 92+55+22MCG 30 DOSI USO INALATORIO,ELEBRATO ELLIPTA*polv inal 30 dosi 92 mcg + 55 mcg + 22 mcg,GLAXOSMITHKLINE TRAD.SERV.LTD,045789029,KPM
Vilanterolo/umeclidinio/fluticasone,FLUTICASONE+UMECLIDINIO+VILANTEROLO 92+55+22MCG 30 DOSI USO INALATORIO,TRELEGY ELLIPTA*polv inal 30 dosi 92 mcg + 55 mcg + 22 mcg,GLAXOSMITHKLINE TRAD.SERV.LTD,045790021,KPM
Vildagliptin,VILDAGLIPTIN 50MG 56 UNITA' USO ORALE,GALVUS*56 cpr 50 mg,NOVARTIS EUROPHARM LTD,038144059,TBA
Vildagliptin,VILDAGLIPTIN 50MG 56 UNITA' USO ORALE,VILDAGLIPTIN*56 cpr riv 50 mg,SANDOZ SpA,044763050,TBA
Vildagliptin,VILDAGLIPTIN 50MG 56 UNITA' USO ORALE,VILDAGLIPTIN*56 cpr 50 mg,KRKA D.D.NOVO MESTO,045209044,TBA
Vildagliptin,VILDAGLIPTIN 50MG 56 UNITA' USO ORALE,VILDAGLIPTIN*56 cpr 50 mg,TEVA B.V.,045976065,TBA
Vildagliptin,VILDAGLIPTIN 50MG 56 UNITA' USO ORALE,VILDAGLIPTIN*56 cpr 50 mg,AUROBINDO PHARMA ITALIA Srl,047317021,TBA
Vildagliptin,VILDAGLIPTIN 50MG 56 UNITA' USO ORALE,VILDAGLIPTIN*56 cpr 50 mg,ACCORD HEALTHCARE SLU,047877042,TBA
Vildagliptin,VILDAGLIPTIN 50MG 56 UNITA' USO ORALE,VILDAGLIPTIN*56 cpr 50 mg,EG SpA,047916135,TBA
Vildagliptin,VILDAGLIPTIN 50MG 56 UNITA' USO ORALE,VILDAGLIPTIN*56 cpr 50 mg,MYLAN SpA,048318051,TBA
Vildagliptin,VILDAGLIPTIN 50MG 56 UNITA' USO ORALE,VILDAGLIPTIN*56 cpr 50 mg,DOC GENERICI Srl,048636029,TBA
Vildagliptin,VILDAGLIPTIN 50MG 56 UNITA' USO ORALE,VILDAGLIPTIN*56 cpr 50 mg,TOWA PHARMACEUTICAL SpA,048948032,TBA
Vildagliptin/metformina,VILDAGLIPTIN+METFORMINA 50+1.000MG 60 UNITA' USO ORALE,EUCREAS*60 cpr riv 50 mg + 1.000 mg,NOVARTIS EUROPHARM LTD,038252096,TCA
Vildagliptin/metformina,VILDAGLIPTIN+METFORMINA 50+1.000MG 60 UNITA' USO ORALE,VILDAGLIPTIN E METFORMINA*60 cpr riv 50 mg + 1.000 mg,SANDOZ SpA,045374194,TCA
Vildagliptin/metformina,VILDAGLIPTIN+METFORMINA 50+1.000MG 60 UNITA' USO ORALE,VILDAGLIPTIN E METFORMINA*2x30 cpr riv 50 mg + 1.000 mg,TEVA B.V.,045714146,TCA
Vildagliptin/metformina,VILDAGLIPTIN+METFORMINA 50+1.000MG 60 UNITA' USO ORALE,VILDAGLIPTIN E METFORMINA*60 cpr riv 50 mg + 1.000 mg,KRKA D.D.NOVO MESTO,048311082,TCA
Vildagliptin/metformina,VILDAGLIPTIN+METFORMINA 50+1.000MG 60 UNITA' USO ORALE,VILDAGLIPTIN E METFORMINA*60 cpr riv 50 mg + 1.000 mg,DOC GENERICI Srl,048496020,TCA
Vildagliptin/metformina,VILDAGLIPTIN+METFORMINA 50+1.000MG 60 UNITA' USO ORALE,VILDAGLIPTIN E METFORMINA*60 cpr riv 50 mg + 1.000 mg,TOWA PHARMACEUTICAL SpA,048949046,TCA
Vildagliptin/metformina,VILDAGLIPTIN+METFORMINA 50+1.000MG 60 UNITA' USO ORALE,VILDAGLIPTIN E METFORMINA*60 cpr riv 50 mg + 1.000 mg,AUROBINDO PHARMA ITALIA Srl,049236033,TCA
Vildagliptin/metformina,VILDAGLIPTIN+METFORMINA 50+1.000MG 60 UNITA' USO ORALE,VILDAGLIPTIN E METFORMINA*60x1 cpr riv 50 mg + 1.000 mg,EG SpA,049662188,TCA
Vildagliptin/metformina,VILDAGLIPTIN+METFORMINA 50+1.000MG 60 UNITA' USO ORALE,VILDAGLIPTIN E METFORMINA*60 cpr riv 50 mg + 1.000 mg,ZENTIVA ITALIA Srl,049764246,TCA
Vildagliptin/metformina,VILDAGLIPTIN+METFORMINA 50+1.000MG 60 UNITA' USO ORALE,VILDAGLIPTIN METFORMINA CLORIDRATO*60 cpr riv 50 mg + 1.000 mg,ACCORD HEALTHCARE SLU,050033048,TCA
Vildagliptin/metformina,VILDAGLIPTIN+METFORMINA 50+850MG 60 UNITA' USO ORALE,EUCREAS*60 cpr riv 50 mg + 850 mg,NOVARTIS EUROPHARM LTD,038252033,TCB
Vildagliptin/metformina,VILDAGLIPTIN+METFORMINA 50+850MG 60 UNITA' USO ORALE,VILDAGLIPTIN E METFORMINA*60 cpr riv 50 mg + 850 mg,SANDOZ SpA,045374055,TCB
Vildagliptin/metformina,VILDAGLIPTIN+METFORMINA 50+850MG 60 UNITA' USO ORALE,VILDAGLIPTIN E METFORMINA*2x30 cpr riv 50 mg + 850 mg,TEVA B.V.,045714134,TCB
Vildagliptin/metformina,VILDAGLIPTIN+METFORMINA 50+850MG 60 UNITA' USO ORALE,VILDAGLIPTIN E METFORMINA*60 cpr riv 50 mg + 850 mg,KRKA D.D.NOVO MESTO,048311031,TCB
Vildagliptin/metformina,VILDAGLIPTIN+METFORMINA 50+850MG 60 UNITA' USO ORALE,VILDAGLIPTIN E METFORMINA*60 cpr riv 50 mg + 850 mg,DOC GENERICI Srl,048496018,TCB
Vildagliptin/metformina,VILDAGLIPTIN+METFORMINA 50+850MG 60 UNITA' USO ORALE,VILDAGLIPTIN E METFORMINA*60 cpr riv 50 mg + 850 mg,TOWA PHARMACEUTICAL SpA,048949022,TCB
Vildagliptin/metformina,VILDAGLIPTIN+METFORMINA 50+850MG 60 UNITA' USO ORALE,VILDAGLIPTIN E METFORMINA*60 cpr riv 50 mg + 850 mg,AUROBINDO PHARMA ITALIA Srl,049236021,TCB
Vildagliptin/metformina,VILDAGLIPTIN+METFORMINA 50+850MG 60 UNITA' USO ORALE,VILDAGLIPTIN E METFORMINA*60x1 cpr riv 50 mg + 850 mg,EG SpA,049662087,TCB
Vildagliptin/metformina,VILDAGLIPTIN+METFORMINA 50+850MG 60 UNITA' USO ORALE,VILDAGLIPTIN E METFORMINA*60 cpr riv 50 mg + 850 mg,ZENTIVA ITALIA Srl,049764107,TCB
Vildagliptin/metformina,VILDAGLIPTIN+METFORMINA 50+850MG 60 UNITA' USO ORALE,VILDAGLIPTIN METFORMINA CLORIDRATO*60 cpr riv 50 mg + 850 mg,ACCORD HEALTHCARE SLU,050033024,TCB
Vinorelbina,VINORELBINA 20MG 1 UNITA' USO ORALE,NAVELBINE*1 cps molli 20 mg,PIERRE FABRE PHARMA Srl,027865106,BSR
Vinorelbina,VINORELBINA 20MG 1 UNITA' USO ORALE,VINORELBINA*1 cps molle 20 mg,DOC GENERICI Srl,046717017,BSR
Vinorelbina,VINORELBINA 20MG 1 UNITA' USO ORALE,VINORELBINA*1 cps molle 20 mg,MEDAC GMBH,049928017,BSR
Vinorelbina,VINORELBINA 30MG 1 UNITA' USO ORALE,NAVELBINE*1 cps molli 30 mg,PIERRE FABRE PHARMA Srl,027865118,BSS
Vinorelbina,VINORELBINA 30MG 1 UNITA' USO ORALE,VINORELBINA*1 cps molle 30 mg,DOC GENERICI Srl,046717031,BSS
Vinorelbina,VINORELBINA 30MG 1 UNITA' USO ORALE,VINORELBINA*1 cps molle 30 mg,MEDAC GMBH,049928031,BSS
Voclosporina,"VOCLOSPORINA 7,9MG 180 UNITA' USO ORALE","LUPKYNIS*180 cps molli 7,9 mg",OTSUKA PHARMACEUT.NETHER.BV,050355015,MMO
Voriconazolo,VORICONAZOLO 50MG 28 UNITA' USO ORALE,VFEND*28 cpr riv 50 mg,PFIZER EUROPE MA EEIG,035628320,BST
Voriconazolo,VORICONAZOLO 50MG 28 UNITA' USO ORALE,VORICONAZOLO*28 cpr riv 50 mg,MYLAN SpA,042626022,BST
Voriconazolo,VORICONAZOLO 50MG 28 UNITA' USO ORALE,VORICONAZOLO*28x1 cpr riv 50 mg,TEVA ITALIA Srl,042796159,BST
Voriconazolo,VORICONAZOLO 50MG 28 UNITA' USO ORALE,VORICONAZOLO*28x1 cpr riv 50 mg,ACCORD HEALTHCARE SLU,042809210,BST
Voriconazolo,VORICONAZOLO 50MG 28 UNITA' USO ORALE,VORICONAZOLO*28 cpr 50 mg,ARISTO PHARMA GMBH,044083018,BST
Voriconazolo,VORICONAZOLO 200MG 28 UNITA' USO ORALE,VFEND*28 cpr riv 200 mg,PFIZER EUROPE MA EEIG,035628419,BSU
Voriconazolo,VORICONAZOLO 200MG 28 UNITA' USO ORALE,VORICONAZOLO*28 cpr riv 200 mg,MYLAN SpA,042626147,BSU
Voriconazolo,VORICONAZOLO 200MG 28 UNITA' USO ORALE,VORICONAZOLO*28 cpr riv 200 mg,SANDOZ SpA,042789228,BSU
Voriconazolo,VORICONAZOLO 200MG 28 UNITA' USO ORALE,VORICONAZOLO*28x1 cpr riv 200 mg,TEVA ITALIA Srl,042796387,BSU
Voriconazolo,VORICONAZOLO 200MG 28 UNITA' USO ORALE,VORICONAZOLO*28x1 cpr riv 200 mg,ACCORD HEALTHCARE SLU,042809273,BSU
Voriconazolo,VORICONAZOLO 200MG 28 UNITA' USO ORALE,VORICONAZOLO*28 cpr riv 200 mg,AUROBINDO PHARMA ITALIA Srl,043930027,BSU
Voriconazolo,VORICONAZOLO 200MG 28 UNITA' USO ORALE,VORICONAZOLO*28 cpr 200 mg,ARISTO PHARMA GMBH,044083032,BSU
Voriconazolo,VORICONAZOLO 40MG/ML 45G USO ORALE,VFEND*orale soluz 45 g 40 mg/ml,PFIZER EUROPE MA EEIG,035628268,BSV
Vortioxetina,VORTIOXETINA 5MG 28 UNITA' USO ORALE,BRINTELLIX*28 cpr riv 5 mg,H.LUNDBECK A/S,043187020,HZD
Vortioxetina,VORTIOXETINA 10MG 28 UNITA' USO ORALE,BRINTELLIX*28 cpr riv 10 mg,H.LUNDBECK A/S,043187107,HZE
Vortioxetina,VORTIOXETINA 20MG/ML 15ML USO ORALE,BRINTELLIX*orale gtt 15 ml 20 mg/ml,H.LUNDBECK A/S,043187362,HZF
Warfarin,WARFARIN 5MG 30 UNITA' USO ORALE,COUMADIN*30 cpr div 5 mg,TEOFARMA Srl,016366027,TDA
Zinco acetato,ZINCO ACETATO 25MG 250 UNITA' USO ORALE,WILZIN*250 cps 25 mg flacone,RECORDATI RARE DISEASES SARL,036694014,BSX
